<?xml version="1.0" encoding="UTF-8"?>
<rss version="2.0" xmlns:content="http://purl.org/rss/1.0/modules/content/" xmlns:dc="http://purl.org/dc/elements/1.1/">


<channel>
  <title>豆瓣最受欢迎的书评</title>
  <link>https://book.douban.com/review/book_best/</link>
  <description><![CDATA[豆瓣成员投票选出的最佳书评]]></description>
  <language>zh-cn</language>
  <copyright>&amp;copy; 2013, douban.com.</copyright>
  <pubDate>Sun, 16 Oct 2016 13:37:43 GMT</pubDate>
    
    <item>
        <title>如果你也和我一样笑不出来 (评论: 你就适可而止吧)</title>
        <link>https://book.douban.com/review/8132172/</link>
        <description><![CDATA[
林远远评论: 你就适可而止吧 (https://book.douban.com/subject/26877850/)
评价: 推荐

这篇发到其他平台上肯定要删改的，把关于我自己个人生活的部分全删掉。豆瓣就不删了。

日租界傀儡是我很早就关注的豆瓣er之一，我不知道他算不算豆瓣红人。现在红人出书热，豆瓣红人、微博红人，哪个平台都有红人。要成为红人，先攒段子，然后蹭热点，靠三观正和口无遮拦吸粉，再爆几张略微平头正脸一点的照片，基本就可以等着出书了。长相和才华高于路人平均水平的，可以巡回签售；如果能讲明白140字以上的故事，还有机会卖版权拍电影。
...
]]></description>
            <content:encoded><![CDATA[

<img src="https://img1.doubanio.com/mpic/s29052707.jpg" style="float:right;margin-left:16px"/><a
    href="https://www.douban.com/people/linfarfar/">林远远</a>评论: <a href="https://book.douban.com/subject/26877850//">你就适可而止吧</a><br/>
<br/>评价: 推荐<br/><br/>
]]></content:encoded>
        <dc:creator>林远远</dc:creator>
        <pubDate>Sun, 16 Oct 2016 13:37:43 GMT</pubDate>
        <guid isPermaLink="true">https://book.douban.com/review/8132172/</guid>
    </item>
    
    <item>
        <title>心疼当初那个奋不顾身的自己 (评论: 最初不过你好)</title>
        <link>https://book.douban.com/review/8134254/</link>
        <description><![CDATA[
喵了个咪评论: 最初不过你好 (https://book.douban.com/subject/26879486/)
评价: 力荐

很多年前，孙燕姿以一曲《天黑黑》红遍亚洲，里面有一句歌词最让我回味，那就是“我爱上让我奋不顾身的一个人”。

正值青春期的我，对爱情刚开始懵懂，不知道为爱情奋不顾身究竟是怎样的一个概念。如果那时候我手里有一本《最初不过你好》，大概就会明白了吧。

这是一本情感类故事集，书中写有20个以90后小人物为主角的故事，看似随意，实则深情。在这20个故事里，有人为爱奋不顾身、赴汤蹈火；有人将爱情深藏于心、念念不忘...
]]></description>
            <content:encoded><![CDATA[

<img src="https://img3.doubanio.com/mpic/s29059325.jpg" style="float:right;margin-left:16px"/><a
    href="https://www.douban.com/people/53672944/">喵了个咪</a>评论: <a href="https://book.douban.com/subject/26879486//">最初不过你好</a><br/>
<br/>评价: 力荐<br/><br/>
]]></content:encoded>
        <dc:creator>喵了个咪</dc:creator>
        <pubDate>Tue, 18 Oct 2016 07:08:00 GMT</pubDate>
        <guid isPermaLink="true">https://book.douban.com/review/8134254/</guid>
    </item>
    
    <item>
        <title>遇见你，才是最好的时光 (评论: 愿所有的姑娘都能嫁给爱情)</title>
        <link>https://book.douban.com/review/8141697/</link>
        <description><![CDATA[
喵了个咪评论: 愿所有的姑娘都能嫁给爱情 (https://book.douban.com/subject/26883431/)
评价: 力荐

昨晚聚餐，夜了才回。停车以后，发觉四周都是雨水将至未至的气息，没有风，空气凉爽清新。爱人建议在小区里走走。我们慢慢牵着手漫步，絮絮地说着琐事，经过小区入口，湖如明镜，秋千空着，在星光下，可以感觉到一头一脸醉人的花香，抬起头看着美好的月夜，驻足流连，恍若置身于一座被遗弃的小城，忽然在寂静的夜里被奇妙的情绪贯穿，在怀念中涌起欢喜自足。与相爱的人在一起，一寸光阴一寸金。

很自然地，我们说起了年轻时候，刚刚相恋的时光...
]]></description>
            <content:encoded><![CDATA[

<img src="https://img3.doubanio.com/mpic/s29069425.jpg" style="float:right;margin-left:16px"/><a
    href="https://www.douban.com/people/53672944/">喵了个咪</a>评论: <a href="https://book.douban.com/subject/26883431//">愿所有的姑娘都能嫁给爱情</a><br/>
<br/>评价: 力荐<br/><br/>
]]></content:encoded>
        <dc:creator>喵了个咪</dc:creator>
        <pubDate>Mon, 24 Oct 2016 02:13:03 GMT</pubDate>
        <guid isPermaLink="true">https://book.douban.com/review/8141697/</guid>
    </item>
    
    <item>
        <title>编辑，原来也可以很摇滚 。 (评论: 金色梦乡)</title>
        <link>https://book.douban.com/review/8142275/</link>
        <description><![CDATA[
绵羊油蜜糖评论: 金色梦乡 (https://book.douban.com/subject/26864984/)
评价: 力荐

《金色梦乡》编辑手记，随便看看即可……

2016年6月底，我拿到了《金色梦乡》的译稿。我知道，伊坂幸太郎的这部作品，无论是在日本还是中国的伊坂迷心中，都占有绝对重要的位置。毋庸置疑，这是伊坂幸太郎最重要的代表作。其实，《金色梦乡》已经在中国内地出过简体版，但已绝版多年，网络上更是将这本绝版书炒到两百多元。这一次再版，我深感责任重大。说得官方些，作为一名编辑，我要对读者负责；然而身为伊...
]]></description>
            <content:encoded><![CDATA[

<img src="https://img3.doubanio.com/mpic/s29059983.jpg" style="float:right;margin-left:16px"/><a
    href="https://www.douban.com/people/67994820/">绵羊油蜜糖</a>评论: <a href="https://book.douban.com/subject/26864984//">金色梦乡</a><br/>
<br/>评价: 力荐<br/><br/>
]]></content:encoded>
        <dc:creator>绵羊油蜜糖</dc:creator>
        <pubDate>Mon, 24 Oct 2016 09:23:17 GMT</pubDate>
        <guid isPermaLink="true">https://book.douban.com/review/8142275/</guid>
    </item>
    
    <item>
        <title>像现在这样生活就行，不要嘲笑和瞧不起现在的自己 (评论: 我不过别人指定的生活)</title>
        <link>https://book.douban.com/review/8141690/</link>
        <description><![CDATA[
喵了个咪评论: 我不过别人指定的生活 (https://book.douban.com/subject/26891340/)
评价: 力荐

亦舒曾经说：我再沦落，我还是爱我。这一句话，从第一次读到，就深深地烙在我心底。可不是吗，世界上总有偏见，谁都不是人民币，不具备让每个人都喜欢自己的能力。

我们都是在规规矩矩的家庭里出生的孩子，从小时候起，我们在无形中被教育成了一个从众的人。别人当三好学生，我们也要当，不管我们的资质是否在同一条线上；别人上双语学校，我们也要去，不管家里经济条件是否负担得起；别人学钢琴，我们也要学，不管自己是否有音乐天分。我们经...
]]></description>
            <content:encoded><![CDATA[

<img src="https://img3.doubanio.com/mpic/s29093015.jpg" style="float:right;margin-left:16px"/><a
    href="https://www.douban.com/people/53672944/">喵了个咪</a>评论: <a href="https://book.douban.com/subject/26891340//">我不过别人指定的生活</a><br/>
<br/>评价: 力荐<br/><br/>
]]></content:encoded>
        <dc:creator>喵了个咪</dc:creator>
        <pubDate>Mon, 24 Oct 2016 02:10:00 GMT</pubDate>
        <guid isPermaLink="true">https://book.douban.com/review/8141690/</guid>
    </item>
    
    <item>
        <title>满满一书的唐人风情 (评论: 唐人小说)</title>
        <link>https://book.douban.com/review/8122102/</link>
        <description><![CDATA[
太常寺协律郎评论: 唐人小说 (https://book.douban.com/subject/26856432/)
评价: 力荐

小时候看唐传奇，读的是《长恨歌传》、《莺莺传》、《昆仑奴》、《霍小玉》等名篇，这些故事已在戏曲舞台上被演绎多遍，审美疲劳，读时并不觉得有甚特别之处，狭隘地认为你侬我侬，谈情说爱是最老套的故事，连还魂、托梦、人鬼恋之类的魔幻情节也挽救不了。再后来，迷上了《酉阳杂俎》、《宣室志》、《灵怪集》里那些鬼故事，随后又沉迷于唐人笔记、名人八卦，仿佛窥见熟人隐私一般刺激，所以我对于唐传奇倒真的是没看多少，乃至许多侠义故...
]]></description>
            <content:encoded><![CDATA[

<img src="https://img1.doubanio.com/mpic/s28980838.jpg" style="float:right;margin-left:16px"/><a
    href="https://www.douban.com/people/51610855/">太常寺协律郎</a>评论: <a href="https://book.douban.com/subject/26856432//">唐人小说</a><br/>
<br/>评价: 力荐<br/><br/>
]]></content:encoded>
        <dc:creator>太常寺协律郎</dc:creator>
        <pubDate>Sun, 09 Oct 2016 02:24:28 GMT</pubDate>
        <guid isPermaLink="true">https://book.douban.com/review/8122102/</guid>
    </item>
    
    <item>
        <title>最孤独的魂游天外 (评论: 漫长的中场休息)</title>
        <link>https://book.douban.com/review/8143204/</link>
        <description><![CDATA[
欢乐分裂评论: 漫长的中场休息 (https://book.douban.com/subject/26890281/)
评价: 推荐

“世上没有完美的事物，唯有这样一些透明得让你忘记自己的时刻，能拥有这样的一瞬，便是天赐的幸福。”这么一句看似不起眼的话，夹杂在比利千头万绪的心潮起伏里，却拥有狠狠击中我的力道，甚至可以视之为这部《漫长的中场休息》之微型总结。这样的一瞬就是比利最孤独的魂游天外。


故事主要视角以19岁的比利•林恩为主，在伊拉克战场的硝烟炮火摸爬滚打一年多后，他所在的B班阴差阳错地迎来一次小小胜利，并因此机缘巧合地成为“美国英雄”，在...
]]></description>
            <content:encoded><![CDATA[

<img src="https://img1.doubanio.com/mpic/s29104947.jpg" style="float:right;margin-left:16px"/><a
    href="https://www.douban.com/people/flowermumu/">欢乐分裂</a>评论: <a href="https://book.douban.com/subject/26890281//">漫长的中场休息</a><br/>
<br/>评价: 推荐<br/><br/>
]]></content:encoded>
        <dc:creator>欢乐分裂</dc:creator>
        <pubDate>Tue, 25 Oct 2016 04:21:07 GMT</pubDate>
        <guid isPermaLink="true">https://book.douban.com/review/8143204/</guid>
    </item>
    
    <item>
        <title>文学奇境的私人词典 (评论: 想象地名)</title>
        <link>https://book.douban.com/review/8135672/</link>
        <description><![CDATA[
malingcat评论: 想象地名 (https://book.douban.com/subject/26835827/)
评价: 力荐



在博尔赫斯笔下，“巴别图书馆”容纳了一切事物，它的书柜包含了二十多个拼写代号所有可能的组合，也就是所有语言可以表达的事物的总和。“包括关于未来的缜密历史、天使长的自传、图书馆的真实的目录、数千种错误的目录、这些错误目录的谬误性的展示以及真实目录的谬误性的展示、巴士底的诺斯替教的教义、对这个教义的评说、对这个教义评说后的评论、对你的死亡的真实记录、用各种语言写成的每本书的版本以及每本书的改编本。”小...
]]></description>
            <content:encoded><![CDATA[

<img src="https://img1.doubanio.com/mpic/s29050977.jpg" style="float:right;margin-left:16px"/><a
    href="https://www.douban.com/people/malingcat/">malingcat</a>评论: <a href="https://book.douban.com/subject/26835827//">想象地名</a><br/>
<br/>评价: 力荐<br/><br/>
]]></content:encoded>
        <dc:creator>malingcat</dc:creator>
        <pubDate>Wed, 19 Oct 2016 09:09:14 GMT</pubDate>
        <guid isPermaLink="true">https://book.douban.com/review/8135672/</guid>
    </item>
    
    <item>
        <title>遵从天意承受孤独 (评论: 天意)</title>
        <link>https://book.douban.com/review/8124455/</link>
        <description><![CDATA[
棉花糖*胡子小姐东游记评论: 天意 (https://book.douban.com/subject/26752646/)
评价: 力荐

谈及孤独，17世纪英国诗人约翰•堂恩曾写下“谁都不是一座孤岛”的句子。堂恩信誓旦旦地宣称，每个人或多或少都与他人相互勾联，进而形成一片牢不可破的大陆。预言固然美好，揆诸事实却不尽然。至少在安妮塔•布鲁克纳这里，孤独不是特例，而是常态。她出身犹太世家，一生精研艺术之道，高踞象牙塔顶端，看遍了孤独终老的知识女性、因爱成恨的怨女情仇，也深明个中真意。年过五旬提起笔来，横平竖直挨个写下，也就有了一片别样的孤独丛林。

《天意》无疑是...
]]></description>
            <content:encoded><![CDATA[

<img src="https://img3.doubanio.com/mpic/s28765541.jpg" style="float:right;margin-left:16px"/><a
    href="https://www.douban.com/people/lanlianhua/">棉花糖*胡子小姐东游记</a>评论: <a href="https://book.douban.com/subject/26752646//">天意</a><br/>
<br/>评价: 力荐<br/><br/>
]]></content:encoded>
        <dc:creator>棉花糖*胡子小姐东游记</dc:creator>
        <pubDate>Mon, 10 Oct 2016 14:23:26 GMT</pubDate>
        <guid isPermaLink="true">https://book.douban.com/review/8124455/</guid>
    </item>
    
    <item>
        <title>作者好厉害，能把诺奖理论介绍得如此通俗！ (评论: 合适)</title>
        <link>https://book.douban.com/review/8124867/</link>
        <description><![CDATA[
魔云兽评论: 合适 (https://book.douban.com/subject/26877827/)
评价: 力荐

题记：昨天2016经济学诺奖揭晓，我正好读完了这本书。巧的是，这也是一本与诺贝尔经济学有关的小书。科学家用人人能懂的算法，解决实实在在的问题，而本书的作者强悍的是用深入浅出的表达将一个诺奖理论讲的清楚明白，让我收获了破解谜题的阅读快感。其中令人惊叹的TTC算法，连小学生都可以很快学会，但是它又能解决经济学领域的疑难问题。这种反差令人震撼，但这又是切切实实的科学！本文比较长，但是如果你稍微耐心一...
]]></description>
            <content:encoded><![CDATA[

<img src="https://img3.doubanio.com/mpic/s29052664.jpg" style="float:right;margin-left:16px"/><a
    href="https://www.douban.com/people/moshou/">魔云兽</a>评论: <a href="https://book.douban.com/subject/26877827//">合适</a><br/>
<br/>评价: 力荐<br/><br/>
]]></content:encoded>
        <dc:creator>魔云兽</dc:creator>
        <pubDate>Tue, 11 Oct 2016 02:32:30 GMT</pubDate>
        <guid isPermaLink="true">https://book.douban.com/review/8124867/</guid>
    </item>
    
    <item>
        <title>不能忘却的友情 (评论: 我在伦敦买了一头狮子)</title>
        <link>https://book.douban.com/review/8142219/</link>
        <description><![CDATA[
喵了个咪评论: 我在伦敦买了一头狮子 (https://book.douban.com/subject/26881067/)
评价: 力荐

我总是在热闹之后才发现热闹。2008年的时候，一头名叫克里斯蒂安的狮子成了YouTube网站上的明星，他的一则视频网络点击率在当年就超过了4000万次，成为因特网上的轰动事件。这部约 6分钟的短片展示了两个年轻人与他们的爱狮克里斯蒂安重聚的动人场面。片中展示的人狮之间的真情让人惊讶，也让人动容。也是因为这一则视频，让全世界都知道了这头名叫克里斯蒂安的狮子是多么的与众不同。

然而在当时我并没有凑上那一季热闹。直到最近读...
]]></description>
            <content:encoded><![CDATA[

<img src="https://img1.doubanio.com/mpic/s29064518.jpg" style="float:right;margin-left:16px"/><a
    href="https://www.douban.com/people/53672944/">喵了个咪</a>评论: <a href="https://book.douban.com/subject/26881067//">我在伦敦买了一头狮子</a><br/>
<br/>评价: 力荐<br/><br/>
]]></content:encoded>
        <dc:creator>喵了个咪</dc:creator>
        <pubDate>Mon, 24 Oct 2016 08:50:55 GMT</pubDate>
        <guid isPermaLink="true">https://book.douban.com/review/8142219/</guid>
    </item>
    
    <item>
        <title>一次真正意义上的重生 (评论: 她他)</title>
        <link>https://book.douban.com/review/8138345/</link>
        <description><![CDATA[
喵了个咪评论: 她他 (https://book.douban.com/subject/26862163/)
评价: 力荐

变性人是一个并不新鲜的话题。十几年前，人们对于变性可以说根本不能接受，每当从媒体上了解到国外有人做变性手术时，人们总在评头品足于老外的“神经病”。而近年，国内变性手术也进行了几例，人们已逐渐的理解了变性人的痛苦与渴望，接受了他们的追求和欢乐。

中国变性舞蹈家金星和韩国变性艺人河莉秀的成功，多少给人们注入一些理解与宽容。金星变性后事业如日中天，婚姻幸福家庭美满；河莉秀变性后美艳绝伦，驰骋演视歌坛，可以说是名冠...
]]></description>
            <content:encoded><![CDATA[

<img src="https://img3.doubanio.com/mpic/s29003183.jpg" style="float:right;margin-left:16px"/><a
    href="https://www.douban.com/people/53672944/">喵了个咪</a>评论: <a href="https://book.douban.com/subject/26862163//">她他</a><br/>
<br/>评价: 力荐<br/><br/>
]]></content:encoded>
        <dc:creator>喵了个咪</dc:creator>
        <pubDate>Fri, 21 Oct 2016 13:19:51 GMT</pubDate>
        <guid isPermaLink="true">https://book.douban.com/review/8138345/</guid>
    </item>
    
    <item>
        <title>美国版“铁娘子” (评论: 希拉里)</title>
        <link>https://book.douban.com/review/8122114/</link>
        <description><![CDATA[
喵了个咪评论: 希拉里 (https://book.douban.com/subject/26746815/)
评价: 力荐

2016年美国总统大选已进入最后冲刺阶段，希拉里与特朗普的竞争也进入到白热化阶段，双方你来我往，攻城略地，演绎了美国历史上颇为精彩的一幕，甚至有媒体认为此次大选堪称一部美国史诗级的“小说”。

&lt;图片1&gt;

近日，全美销量最大的《今日美国报》打破34年大选中立的传统，表态支持美国民主党总统候选人希拉里，并狠批共和党候选人特朗普“不适合做总统”。美国多家保守派纸媒亦打破传统，转而帮希拉里“背书”。此外，美国媒...
]]></description>
            <content:encoded><![CDATA[

<img src="https://img1.doubanio.com/mpic/s28520839.jpg" style="float:right;margin-left:16px"/><a
    href="https://www.douban.com/people/53672944/">喵了个咪</a>评论: <a href="https://book.douban.com/subject/26746815//">希拉里</a><br/>
<br/>评价: 力荐<br/><br/>
]]></content:encoded>
        <dc:creator>喵了个咪</dc:creator>
        <pubDate>Sun, 09 Oct 2016 02:33:04 GMT</pubDate>
        <guid isPermaLink="true">https://book.douban.com/review/8122114/</guid>
    </item>
    
    <item>
        <title>我想陪你说说家国之外 (评论: 宋末大变局.四川风云  上册)</title>
        <link>https://book.douban.com/review/8142679/</link>
        <description><![CDATA[
钟无艳评论: 宋末大变局.四川风云  上册 (https://book.douban.com/subject/26857201/)
评价: 力荐

    章惇有言，端王轻佻，不可以君天下，果真一语成谶。徽宗之后宋朝境遇每况愈下，不仅老迈衰弱，内有奸臣当道，外又有各国并起，虽有一代代忠志之士挺身报国可也无奈何内忧外患之下被历史的滚滚车轮碾弃于后。

    此书便在这样的时代下铺展开来，主角余玠临危受命，忍痛离开正在生产的妻子赶赴成都，坚守一座孤城直面蒙古铁骑，此间有志士报国能人谋策，亦有奸臣谋权昏主误国，更有余因谋这般投机取巧之人左右逢源令人生厌。可我...
]]></description>
            <content:encoded><![CDATA[

<img src="https://img3.doubanio.com/mpic/s29101431.jpg" style="float:right;margin-left:16px"/><a
    href="https://www.douban.com/people/81527250/">钟无艳</a>评论: <a href="https://book.douban.com/subject/26857201//">宋末大变局.四川风云  上册</a><br/>
<br/>评价: 力荐<br/><br/>
]]></content:encoded>
        <dc:creator>钟无艳</dc:creator>
        <pubDate>Mon, 24 Oct 2016 14:45:39 GMT</pubDate>
        <guid isPermaLink="true">https://book.douban.com/review/8142679/</guid>
    </item>
    
    <item>
        <title>一本温暖而治愈的友人帐 (评论: 夏目友人帐)</title>
        <link>https://book.douban.com/review/8127681/</link>
        <description><![CDATA[
喵了个咪评论: 夏目友人帐 (https://book.douban.com/subject/26856953/)
评价: 力荐

说来惭愧，一直以来，对于日本著名漫画《夏目友人帐》唯一的印象，便是那只肥肥的花猫。是以有人推荐《夏目友人帐》小说时，我满脸的黑人问号，心中嘀咕，一把年纪了，还能看这种二次元漫画吗？

事实证明，能看。

《夏目友人帐》是一部剧情温暖、格调清新、画风独特、节奏舒缓的奇幻作品，能够治愈人们心灵的创伤，修复感情上的缺陷，可称得上是“低碳艺术”。故事的内容围绕能看到妖怪的夏目和妖怪猫咪老师的各种奇遇展开。拥有强大灵力的...
]]></description>
            <content:encoded><![CDATA[

<img src="https://img1.doubanio.com/mpic/s28986678.jpg" style="float:right;margin-left:16px"/><a
    href="https://www.douban.com/people/53672944/">喵了个咪</a>评论: <a href="https://book.douban.com/subject/26856953//">夏目友人帐</a><br/>
<br/>评价: 力荐<br/><br/>
]]></content:encoded>
        <dc:creator>喵了个咪</dc:creator>
        <pubDate>Thu, 13 Oct 2016 07:29:55 GMT</pubDate>
        <guid isPermaLink="true">https://book.douban.com/review/8127681/</guid>
    </item>
    
    <item>
        <title>天才的B面 (评论: 凡人)</title>
        <link>https://book.douban.com/review/8140843/</link>
        <description><![CDATA[
喵了个咪评论: 凡人 (https://book.douban.com/subject/26862159/)
评价: 力荐

老实说，读完《凡人》，下笔写评是一件极不容易的事。反复多次改了写，写了改，均不满意。书中的故事千头万绪，但始终难以找到那个可以切入的点，难以完整概括这本优秀的小说。

这是美国作家莫娜•辛普森以自己的哥哥乔布斯为原型创作的一部类似传记的小说。小说的内容囊括了主人公欧文斯（也就是乔布斯）的爱情、家庭和事业，集中到乔布斯和几个人物的矛盾和斗争上，通过密集的情节冲突和捕捉人性的微妙之处的描述，将乔布斯塑造成了一位反英雄式...
]]></description>
            <content:encoded><![CDATA[

<img src="https://img3.doubanio.com/mpic/s29003182.jpg" style="float:right;margin-left:16px"/><a
    href="https://www.douban.com/people/53672944/">喵了个咪</a>评论: <a href="https://book.douban.com/subject/26862159//">凡人</a><br/>
<br/>评价: 力荐<br/><br/>
]]></content:encoded>
        <dc:creator>喵了个咪</dc:creator>
        <pubDate>Sun, 23 Oct 2016 09:56:25 GMT</pubDate>
        <guid isPermaLink="true">https://book.douban.com/review/8140843/</guid>
    </item>
    
    <item>
        <title>真我至上：灵魂对肉体的背叛 (评论: 丹麦女孩)</title>
        <link>https://book.douban.com/review/8130532/</link>
        <description><![CDATA[
喵了个咪评论: 丹麦女孩 (https://book.douban.com/subject/26861450/)
评价: 力荐

变性人虽然是现代流行的一个术语，但它有着悠久的历史，可以追溯到中国古代的太监、泰国的人妖等。西方变性科学的发展以及各国变性手术的开展，使变性手术越来越呈现出一种繁荣趋势。

据报道，1931年世界首例变性手术后，全球已超过1万多人变性，全世界每10万人中就有4个易性症患者。目前我国大约有40万人要求进行变性手术，已有1千余人做变性手术。其中最知名的，就是舞蹈家金星和造型师吉米。

金星的婚姻，看起来蛮幸福...
]]></description>
            <content:encoded><![CDATA[

<img src="https://img3.doubanio.com/mpic/s29039525.jpg" style="float:right;margin-left:16px"/><a
    href="https://www.douban.com/people/53672944/">喵了个咪</a>评论: <a href="https://book.douban.com/subject/26861450//">丹麦女孩</a><br/>
<br/>评价: 力荐<br/><br/>
]]></content:encoded>
        <dc:creator>喵了个咪</dc:creator>
        <pubDate>Sat, 15 Oct 2016 12:03:38 GMT</pubDate>
        <guid isPermaLink="true">https://book.douban.com/review/8130532/</guid>
    </item>
    
    <item>
        <title>“润物细无声”的习惯养成策略 (评论: 微习惯)</title>
        <link>https://book.douban.com/review/8134157/</link>
        <description><![CDATA[
喵了个咪评论: 微习惯 (https://book.douban.com/subject/26877306/)
评价: 力荐

记得曾经有这么一个鸡汤文：一位久负盛名的企业家，在告别职业生涯之际，应多人要求，公开自己一生成就的奥秘。会场座无虚席，奇怪的确实在前方的舞台上吊着一个大铁球。观众们都莫名其妙，这时，两位工作人员抬了一个大铁锤放在老者面前。老者请两位身强力壮的年轻人上来，让他们用这个大铁锤去敲打那个吊着的铁球，把它荡起来。

一个年轻人抢着抡起大锤，全力向那吊着的铁球砸去，可是那吊球却一动也没动。另一个人接过大锤把吊球打得叮...
]]></description>
            <content:encoded><![CDATA[

<img src="https://img3.doubanio.com/mpic/s29051384.jpg" style="float:right;margin-left:16px"/><a
    href="https://www.douban.com/people/53672944/">喵了个咪</a>评论: <a href="https://book.douban.com/subject/26877306//">微习惯</a><br/>
<br/>评价: 力荐<br/><br/>
]]></content:encoded>
        <dc:creator>喵了个咪</dc:creator>
        <pubDate>Tue, 18 Oct 2016 05:42:16 GMT</pubDate>
        <guid isPermaLink="true">https://book.douban.com/review/8134157/</guid>
    </item>
    
    <item>
        <title>像国王一样吃法国大餐 (评论: 愿上帝保佑法兰西厨子)</title>
        <link>https://book.douban.com/review/8125359/</link>
        <description><![CDATA[
喵了个咪评论: 愿上帝保佑法兰西厨子 (https://book.douban.com/subject/26857021/)
评价: 力荐

&lt;图片4&gt;
“世界上只有两件事能激起我们最强烈的反应，一是爱情，另一个是美食，在法兰西，二者皆有。”这是《愿上帝保佑法兰西厨子》的一句经典名句。

法国人爱吃、会吃，也舍得吃，早就是声名在外。没去过法国的我只是在网上望梅止渴地看法式大餐那鲜美诱人的照片，而去过法国的朋友回来告诉我，在法国，“吃”真的是被当成一件人生大事郑重对待。关于吃的丝丝缕缕早就深入人们生活的每一个角落，像一部永不落幕的法国文艺大片，哪怕法...
]]></description>
            <content:encoded><![CDATA[

<img src="https://img3.doubanio.com/mpic/s28997020.jpg" style="float:right;margin-left:16px"/><a
    href="https://www.douban.com/people/53672944/">喵了个咪</a>评论: <a href="https://book.douban.com/subject/26857021//">愿上帝保佑法兰西厨子</a><br/>
<br/>评价: 力荐<br/><br/>
]]></content:encoded>
        <dc:creator>喵了个咪</dc:creator>
        <pubDate>Tue, 11 Oct 2016 08:36:27 GMT</pubDate>
        <guid isPermaLink="true">https://book.douban.com/review/8125359/</guid>
    </item>
    
    <item>
        <title>可持续发展是资源未来的发展方向 (评论: 图解全球资源真相)</title>
        <link>https://book.douban.com/review/8142993/</link>
        <description><![CDATA[
喵了个咪评论: 图解全球资源真相 (https://book.douban.com/subject/26883446/)
评价: 力荐

人类社会的发展是不断利用各种资源创造物质财富和精神财富的过程。从智人以来，水、土地、动植物等为基本要素的自然生态环境,是人类赖以生存发展的物质基础和活动空间。18世纪60年代的蒸汽革命,特别是19世纪末的电力革命，使得煤炭、钢铁成为支撑社会发展的中药资源。20世纪至今，人类对资源的需求更加多样化，以石油为代表的能源消耗急剧增加，使人类摆脱了人的体能、畜力和简单机械的局限性,赋予人类“征服自然”更强大的能力,从而创...
]]></description>
            <content:encoded><![CDATA[

<img src="https://img3.doubanio.com/mpic/s29069500.jpg" style="float:right;margin-left:16px"/><a
    href="https://www.douban.com/people/53672944/">喵了个咪</a>评论: <a href="https://book.douban.com/subject/26883446//">图解全球资源真相</a><br/>
<br/>评价: 力荐<br/><br/>
]]></content:encoded>
        <dc:creator>喵了个咪</dc:creator>
        <pubDate>Tue, 25 Oct 2016 01:39:04 GMT</pubDate>
        <guid isPermaLink="true">https://book.douban.com/review/8142993/</guid>
    </item>
</channel>
</rss>