<?xml version="1.0" encoding="utf-8"?><rss version="2.0">
    <channel>
        <title>TechWeb 每日热点推荐 RSS阅读</title>
        <link>http://www.techweb.com.cn/rss/hotnews.xml</link>
        <description>TechWeb晚报，热门人物，TechWeb头条，TechWeb要闻推荐，TechWeb言论</description>
        <copyright>TechWeb.com.cn</copyright>
        <generator>Tiger</generator>
        <lastBuildDate>Wed, 26 Oct 2016 22:16:59 +0800</lastBuildDate>
        <ttl>10</ttl>
        <image>
            <url>http://www.techweb.com.cn/xml.gif</url>
            <title>TechWeb 每日热点推荐 RSS阅读</title>
            <link>http://www.techweb.com.cn/rss/hotnews.xml</link>
        </image>
     <item><title>苹果第四财季净利润下滑19% 这次大中华区也不给力了</title>
<link>http://www.techweb.com.cn/it/2016-10-26/2420458.shtml</link>
<description><![CDATA[<p>【TechWeb报道】10月26日消息，苹果周二发布了该公司2016财年第四财季业绩。财报显示，苹果第四财季营收为468.52亿美元，比去年同期的515.01亿美元下滑9%；净利润为90.14亿美元，比去年同期的111.24亿美元下滑19%；毛利率为38%，低于去年同期的39.9%。其中，大中华区营收为87.87亿美元，比去年同期的125.18亿美元下滑30%。</p>
<p style="text-align:center;"><img src="http://upload.techweb.com.cn/2016/0504/1462346515495.jpg" border="0" alt="苹果500" /></p>
<p><strong>手机电脑营收全部下滑</strong></p>
<p>苹果第四财季共售出488.6万台Mac，比去年同期的523.9万台减少14%；营收为57.39亿美元，比去年同期的68.82亿美元减少17%。</p>
<p>共售出4551.3万部iPhone，比年同期的4804.6万部减少5%；营收为281.60亿美元，比去年同期的322.09亿美元减少13%。</p>
<p>共售出926.7万台iPad，比去年同期的988.3万台下滑6%；营收为42.55亿美元，与去年同期的42.76亿美元基本持平。</p>
<p>其它产品营收为23.73亿美元，比去年同期的30.48亿美元减少22%。</p>
<p><strong>大中华区&ldquo;翻船&rdquo;了</strong></p>
<p>欧洲部门营收为108.42亿美元，比去年同期的105.77亿美元增长3%；</p>
<p>大中华区营收为87.85亿美元，比去年同期的125.18亿美元减少30%；</p>
<p>日本部门营收为43.24亿美元，比去年同期的39.29亿美元增长10%；</p>
<p>亚太其他地区营收为26.72亿美元，比去年同期的27.04亿美元减少1%。</p>
<p>苹果预计，2017财年第一财季营收为760亿美元到780亿美元，毛利率为38%到38.5%，运营支出为69亿美元到70亿美元，其他收入(支出)为4亿美元，税率为26%。（明宇）</p><b>您可能也感兴趣:</b><br/>&nbsp;&nbsp;&nbsp;&nbsp;<a target="_blank" href="http://www.techweb.com.cn/it/2016-10-26/2420456.shtml">苹果造汽车之心不死？消息称苹果在加拿大研发汽车OS</a><br/>&nbsp;&nbsp;&nbsp;&nbsp;<a target="_blank" href="http://www.techweb.com.cn/tele/2016-10-26/2420448.shtml">小米Note2综合评测：工业设计有质感 再次冲高端市场</a><br/>&nbsp;&nbsp;&nbsp;&nbsp;<a target="_blank" href="http://ent.techweb.com.cn/entnews/2016-10-25/2420378.shtml">华纳《神奇动物在哪里》《萨利机长》内地公映改档</a><br/><p style="text-align: center; text-indent: 0;"><img alt="蚕豆网微信" src="http://www.techweb.com.cn/static/img/candouwangtest.png" border="0" /></p>]]></description>
<category>TechWeb</category>
<guid>http://www.techweb.com.cn/it/2016-10-26/2420458.shtml</guid>
<author>明宇</author><pubDate>Wed, 26 Oct 2016 08:34:30 +0800</pubDate>
<source>TechWeb.com.cn</source>
</item><item><title>微信发布新版本：群聊能收钱 拉人需群主确认</title>
<link>http://www.techweb.com.cn/internet/2016-10-26/2420487.shtml</link>
<description><![CDATA[<p>【TechWeb报道】10月26日消息，微信发布新版本6.3.28，对群功能进行了两项功能升级。</p>
<p><img src="http://upload.techweb.com.cn/2016/1026/1477444056545.jpg" border="0" alt="2" style="display: block; margin-left: auto; margin-right: auto;" /></p>
<p>一是群主可启用需群主确认才能邀请朋友进群功能。微信群群主可在群详情页的群管理选项中，开启此项功能。开启此项功能后，群主将对群成员拥有更高的管理权限。</p>
<p>二是新版微信中在群聊页面添加了收款功能。群活动或者聚餐后，可直接在群里发出收款。（明宇）&nbsp;</p>
<p style="text-align: center;"><img src="http://upload.techweb.com.cn/2016/1026/1477444059984.jpg" border="0" alt="1" /></p>
<p style="text-align: center; font-size: 12px; text-indent: 0;">&nbsp;</p><b>您可能也感兴趣:</b><br/>&nbsp;&nbsp;&nbsp;&nbsp;<a target="_blank" href="http://ent.techweb.com.cn/pannews/2016-10-26/2420479.shtml">土豪100万元打赏主播这事还没完了：银行卡被家人冻结   </a><br/>&nbsp;&nbsp;&nbsp;&nbsp;<a target="_blank" href="http://www.techweb.com.cn/tele/2016-10-26/2420478.shtml">小米全面屏手机MIX为何这么便宜？这才是真相</a><br/><p style="text-align: center; text-indent: 0;"><img alt="蚕豆网微信" src="http://www.techweb.com.cn/static/img/candouwangtest.png" border="0" /></p>]]></description>
<category>TechWeb</category>
<guid>http://www.techweb.com.cn/internet/2016-10-26/2420487.shtml</guid>
<author>明宇</author><pubDate>Wed, 26 Oct 2016 09:10:23 +0800</pubDate>
<source>TechWeb.com.cn</source>
</item><item><title>民航局：10月27日起三星Note7不能带上飞机</title>
<link>http://www.techweb.com.cn/tele/2016-10-26/2421161.shtml</link>
<description><![CDATA[<p>【TechWeb报道】10月26日消息，中国民用航空局（以下简称民航局）再次发布与三星Note 7相关的公告，称自明日起严禁旅客和机组成员随身携带三星Note 7。</p>
<p style="text-align: center; text-indent: 0;"><img src="http://upload.techweb.com.cn/2016/1026/1477473375822.jpg" border="0" alt="QQ图片20161026171528" /></p>
<p style="text-align: center;">民航局：10月27日起三星Note7不能带上飞机</p>
<p>民航局官网26日公告称，为确保航空运输安全，从2016年10月27日起，民航局严禁旅客和机组成员随身或在手提行李中携带三星Galaxy Note 7手机；严禁将三星Galaxy Note 7手机放入托运行李中托运；严禁将三星Galaxy Note 7手机作为航空货物收运。</p>
<p>这意味，三星Note 7被禁止携带上飞机。</p>
<p>今年9月份，在Note 7自燃案例集中爆发之时，民航局曾禁止乘客使用Note 7或为其充电，但并未禁止乘客将该款手机带上飞机。</p>
<p>在9月14日的一份公告中，民航局提醒旅客不得在飞机上使用三星Note7或为其充电，不要将三星Note7放入托运行李中托运，不允许将三星Note7作为货物运输。也就是说，旅客如果随身携带三星Note7，关机便可。</p>
<p>民航局26日公告之前，三星已在全球范围内召回、停止销售全部Note 7手机，其中也包括在中国范围内召回全部国行Note 7。（张衣）</p>
<p>以下为民航局26日公告全文：</p>
<p>民航局禁止携带和运输三星Galaxy Note 7手机</p>
<p>针对三星Galaxy Note 7手机存在的问题，为确保航空运输安全，从2016年10月27日起，民航局严禁旅客和机组成员随身或在手提行李中携带三星Galaxy Note 7手机；严禁将三星Galaxy Note 7手机放入托运行李中托运；严禁将三星Galaxy Note 7手机作为航空货物收运。</p>
<p>民航局要求航空公司及其地面服务代理人、航空销售代理人在售票、办理乘机手续、货物收运等环节针对上述规定内容履行告知义务。</p>
<p>对于违反上述规定者，公安机关、民航行政机关将根据情节，依照国家有关法律、法规严肃处理。</p><b>您可能也感兴趣:</b><br/>&nbsp;&nbsp;&nbsp;&nbsp;<a target="_blank" href="http://www.techweb.com.cn/tele/2016-10-26/2421119.shtml">小米MIX评测：超大屏占比 电量胜小米Note2 </a><br/>&nbsp;&nbsp;&nbsp;&nbsp;<a target="_blank" href="http://www.techweb.com.cn/finance/2016-10-26/2421084.shtml">张雨绮再婚 老公曾任申万证券投资经理</a><br/>&nbsp;&nbsp;&nbsp;&nbsp;<a target="_blank" href="http://www.techweb.com.cn/finance/2016-10-26/2421075.shtml">电魂网络挂牌上交所 成国内首家A股主板IPO上市游戏公司</a><br/><p style="text-align: center; text-indent: 0;"><img alt="蚕豆网微信" src="http://www.techweb.com.cn/static/img/candouwangtest.png" border="0" /></p>]]></description>
<category>TechWeb</category>
<guid>http://www.techweb.com.cn/tele/2016-10-26/2421161.shtml</guid>
<author>张衣</author><pubDate>Wed, 26 Oct 2016 17:17:27 +0800</pubDate>
<source>TechWeb.com.cn</source>
</item><item><title>新华网前三季度营收增长近五成</title>
<link>http://www.techweb.com.cn/finance/2016-10-26/2421257.shtml</link>
<description><![CDATA[<p>【TechWeb报道】10月26日消息，定于10月28日登陆A股的新华网公布了前三季财报，营业收入同比增长47.06%，至近8亿元。</p>
<p style="text-align: center; text-indent: 0;"><img src="http://upload.techweb.com.cn/2016/0418/1460943358936.jpg" border="0" alt="新华网" /></p>
<p>财报显示，2016年1-9月，公司实现营业收入79,494.61万元，较上年同期54,055.52万元上升47.06%。网络广告、信息服务、移动互联网等主营业务收入的快速增长对新华网经营业绩增长起到了重要的推动作用。</p>
<p>在前三季度，新华网营业利润同比增8.58%，至1.58亿元，归属于新华网股东的净利润同比增5.64%，至1.6亿元，归属于新华网股东的扣除非经常性损益后的净利润同比增7.63%，至1.58亿元。</p>
<p>新华网定于10月28日在上交所挂牌，股票代码为603888，本次IPO发行股份数量5,190.2936万股，发行价格为27.69元/股，募集资金总额为143,719.23万元，扣除发行费用后，募集资金净额为137,988.57万元。</p>
<p>募集资金的主要用途为：全媒体信息应用服务云平台项目、新华网移动互联网集成、加工、分发及运营系统业务项目、新华网政务类大数据智能分析系统项目、新华网新媒体应用技术研发中心项目和新华网在线教育项目。</p>
<p>IPO后，新华网股权结构为：新华社直接持股59.79%，中国联通持股1.45%，南方报业持股1.45%，中国电信持股0.73%。（麻晓超）</p><b>您可能也感兴趣:</b><br/>&nbsp;&nbsp;&nbsp;&nbsp;<a target="_blank" href="http://www.techweb.com.cn/tele/2016-10-26/2421253.shtml">OPPO R9s上市时间确定 OPPO R9s首批备货量、价格曝光</a><br/>&nbsp;&nbsp;&nbsp;&nbsp;<a target="_blank" href="http://ent.techweb.com.cn/entnews/2016-10-26/2421252.shtml">《我不是潘金莲》还未公映 冯小刚下一部新片曝剧情</a><br/>&nbsp;&nbsp;&nbsp;&nbsp;<a target="_blank" href="http://www.techweb.com.cn/tele/2016-10-26/2421251.shtml">小米Note2开箱图赏：亮黑双曲面屏 买不买就看这篇了</a><br/><p style="text-align: center; text-indent: 0;"><img alt="蚕豆网微信" src="http://www.techweb.com.cn/static/img/candouwangtest.png" border="0" /></p>]]></description>
<category>TechWeb</category>
<guid>http://www.techweb.com.cn/finance/2016-10-26/2421257.shtml</guid>
<author>麻晓超</author><pubDate>Wed, 26 Oct 2016 21:32:12 +0800</pubDate>
<source>TechWeb.com.cn</source>
</item><item><title>中国代购们在澳洲被BBC盯上了 他们普遍加价50%</title>
<link>http://www.techweb.com.cn/world/2016-10-26/2420817.shtml</link>
<description><![CDATA[<p class="mcePageBreak">&nbsp;</p>
<p>TechWeb 10月26日报道&nbsp;文/露天</p>
<p>英国广播公司BBC作为全球最大的新闻机构之一，真的对中国很感兴趣。前段时间宝强离婚曾登上BBC头条，现在BBC又将目光放到远在澳大利亚的一群中国人，对，就是常在朋友圈直播购物的&mdash;&mdash;Daigou，代购们。</p>
<p style="text-align: center; text-indent: 0;"><img src="http://upload.techweb.com.cn/2016/1026/1477453757702.jpg" border="0" alt="1" /></p>
<p style="text-align: center;">中国代购们在澳洲被BBC盯上了 他们普遍加价50%</p>
<p><strong>约4万名讲普通话的代购在澳洲</strong></p>
<p>代购在国外除了叫&ldquo;Daigou&rdquo;之外，还有一个非常专业的称谓&ldquo;Freelance Shopping Consultant（自由职业购物顾问）&rdquo;。</p>
<p>BBC报道称，在澳大利亚，大约有4万名代购，他们都讲汉语普通话。这些线上线下从事代购的人基本都来自中国大陆，主要是年轻的移民或是国际学生，希望通过代购挣房租或是学费。代购生意的集中地是悉尼，在这里，中国社群越来越壮大，并且来往中国的直达航班很频繁，这让代购们做起生意更加便捷。</p>
<p>报道的两位主人公分别是一名24岁毕业于武汉的会计Rika Wenjing，业余从事代购生意两年，手上有300名稳定客户。另一位则来自大连，目前在悉尼读书的Bob Sun，学习会计专业，并和3名好友租了一间仓库，上课之外专门做代购。</p>
<p style="text-align: center; text-indent: 0;"><img src="http://upload.techweb.com.cn/2016/1026/1477452720103.jpg" border="0" alt="1" /></p>
<p style="text-align: center;">Rika Wenjing来自武汉，<span>24岁</span></p>
<p style="text-align: center; text-indent: 0;"><img src="http://upload.techweb.com.cn/2016/1026/1477452276801.jpg" border="0" alt="1" /></p>
<p style="text-align: center;">Bob Sun来自大连，24岁</p>
<p>接受采访时，Rika Wenjing正提着两大袋刚买好产品，各种瓶瓶罐罐沉得快要把胳膊扯断。她每天盯着自己的手机和平板电脑，随时和客户沟通。碰到需要，直接去商店采购，寄走。</p>
<p>Wenjing展示了她经常代购的产品，保健品、护肤品、衣服鞋子什么都有，但最火的是婴儿奶粉。她说：&ldquo;<strong>因为大家在中国买不到高质量和放心的奶粉，所以他们想要买澳洲生产的。哪怕澳洲的会贵，他们不在乎价格，只在乎质量。&rdquo;</strong></p>
<p style="text-align: center; text-indent: 0;"><img src="http://upload.techweb.com.cn/2016/1026/1477452542132.jpg" border="0" alt="1" /></p>
<p>BBC提及2008年震惊全国的毒奶粉事件，至少6名儿童因毒奶粉致死，约30万儿童被殃及生病。从那时起，中国的富裕家庭和中产阶级就开始推崇买国外婴儿奶粉。尽管今年年初，北京对代购收紧控制，但这个行业仍然有利可图，特别是婴儿奶粉，<span>甚至被商人看作是&ldquo;白色黄金&rdquo;。</span></p><b>您可能也感兴趣:</b><br/>&nbsp;&nbsp;&nbsp;&nbsp;<a target="_blank" href="http://www.techweb.com.cn/tele/2016-10-26/2420809.shtml">小米Note 2发布 外媒们竟这样评价！</a><br/>&nbsp;&nbsp;&nbsp;&nbsp;<a target="_blank" href="http://ent.techweb.com.cn/pannews/2016-10-26/2420808.shtml">Gary将退出RM 已获Running Man官方证实</a><br/>&nbsp;&nbsp;&nbsp;&nbsp;<a target="_blank" href="http://www.techweb.com.cn/it/2016-10-26/2420805.shtml">苹果说新MacBook Pro就长这样！苹果发布会明晚举行</a><br/><p style="text-align: center; text-indent: 0;"><img alt="蚕豆网微信" src="http://www.techweb.com.cn/static/img/candouwangtest.png" border="0" /></p>]]></description>
<category>TechWeb</category>
<guid>http://www.techweb.com.cn/world/2016-10-26/2420817.shtml</guid>
<author>露天</author><pubDate>Wed, 26 Oct 2016 11:53:00 +0800</pubDate>
<source>TechWeb.com.cn</source>
</item><item><title>国行Note 7机主：被三星韩国高管晾在办公室1天1夜</title>
<link>http://www.techweb.com.cn/tele/2016-10-26/2420858.shtml</link>
<description><![CDATA[<p>【TechWeb报道】10月26日消息，一位自称是&ldquo;三星安全版Note&nbsp;7全球首炸亲历者&rdquo;的微博用户，在微博上吐槽赴约前往三星北京总部同韩国高管见面，但被后者&ldquo;晾在办公室1天1夜&rdquo;。</p>
<p>微博@不老的老回过去两天在微博发布了其在三星北京总部&ldquo;维权&rdquo;的视频直播内容，吐槽9月25日购买的国行Note&nbsp;7自燃后至今已一个月，三星方面仍未满足其提出的&ldquo;善后&rdquo;要求。</p>
<p style="text-align: center; text-indent: 0;"><img src="http://upload.techweb.com.cn/2016/1026/1477458305386.jpg" border="0" alt="QQ图片20161026130402" /></p>
<p>根据该用户的说法，2016年9月25日下午5点14分，收到全新国行安全版Note&nbsp;7，更新系统后有绿电池，没想到9月26日早上6点11分，第一次充满电后，手机自燃。</p>
<p>该用户此前发布的视频内容显示，其恰好视频拍摄下了手机自燃时的状况，当时手机正放在一款MacBook&nbsp;Pro上，因为手机自燃，MacBook&nbsp;Pro也被烫坏。</p>
<p>该用户称，事件发生后，他向三星方面提出，希望&ldquo;赔偿电脑，同型号，手机在三星有个官方说法的前提下退机，&rdquo;以及他与三星共同检测事故原因。</p>
<p>但三星方面&ldquo;拒绝与我共同检测&rdquo;，&ldquo;给三星中国打了至少50个电话&rdquo;，一直被告知等待处理意见。</p>
<p>10月24日，&ldquo;我在（三星北京总部）电梯口的公共区域无任何不当行为，三星电子&nbsp;的韩国管理人员指责我非法入侵并动起了手，&rdquo;该用户发布的一条信息这样说道。</p>
<p>10月25日，距离事发近1个月，该用户称，其&ldquo;赴约&rdquo;前往三星北京总部与&ldquo;三星韩国高管&rdquo;会谈。</p>
<p>结果，&ldquo;说好的25日上午9点韩方管理层与法务团队一起与我面谈，一天里超过10次催促都是正在联系马上来人&rdquo;。</p>
<p>&ldquo;三星中国（籍）的员工，（对我）态度不错，午饭是三星买单，中国员工很支持（我）&hellip;&hellip;&rdquo;</p>
<p>三星韩国高管最终未出现，&ldquo;下班人都跑光了，都没人个能管这事的人告诉我会不会来人&rdquo;。</p>
<p>该用户称当天（10月25日）他在三星北京总部内部会议室里过夜。</p>
<p>10月26日早上，该用户再次开通视频直播，表示对三星中国的&ldquo;冷处理&rdquo;已无可奈何，准备离开。</p>
<p>&ldquo;第一次玩直播，不想当网红&rdquo;，&ldquo;（三星赔不赔）钱不是问题&rdquo;，他在视频直播中回答网友提问时称，主要是为了让三星承担起企业责任，对中国消费者负责。</p>
<p>家住广东的他为了&ldquo;维权&rdquo;，来到北京已近1个月。</p>
<p>&ldquo;三星安全版Note7全球首炸亲历者，资深键盘党，骑行台爱好者，前和谐号驾驶员，软尾刷街裂架党，酱油型比赛选手，&rdquo;这位机主在微博上这样介绍自己。（张衣）&nbsp;</p><b>您可能也感兴趣:</b><br/>&nbsp;&nbsp;&nbsp;&nbsp;<a target="_blank" href="http://www.techweb.com.cn/it/2016-10-26/2420856.shtml">华为Mate 9下个月就要发布！麒麟960性能评测汇总：太强悍了！</a><br/>&nbsp;&nbsp;&nbsp;&nbsp;<a target="_blank" href="http://www.techweb.com.cn/it/2016-10-26/2420853.shtml">麒麟960详细解析：性能可怕！</a><br/>&nbsp;&nbsp;&nbsp;&nbsp;<a target="_blank" href="http://ent.techweb.com.cn/pannews/2016-10-26/2420808.shtml">Gary将退出RM 已获Running Man官方证实</a><br/><p style="text-align: center; text-indent: 0;"><img alt="蚕豆网微信" src="http://www.techweb.com.cn/static/img/candouwangtest.png" border="0" /></p>]]></description>
<category>TechWeb</category>
<guid>http://www.techweb.com.cn/tele/2016-10-26/2420858.shtml</guid>
<author>张衣</author><pubDate>Wed, 26 Oct 2016 13:07:13 +0800</pubDate>
<source>TechWeb.com.cn</source>
</item><item><title>Uber自动驾驶卡车成功送出第一单 跑了120英里挣了470美元</title>
<link>http://www.techweb.com.cn/world/2016-10-26/2420800.shtml</link>
<description><![CDATA[<p>【TechWeb报道】10月26日消息，据国外媒体报道，Uber自动驾驶卡车在本月20日成功进行送货测试，满载5万罐啤酒行驶120英里后抵达目的地，并收获了470美元的报酬。</p>
<p style="text-align: center; text-indent: 0;"><img src="http://upload.techweb.com.cn/2016/1026/1477452551268.jpg" border="0" alt="Uberzidongjiashikache_副本" /></p>
<p style="text-align: center;">Uber自动驾驶卡车送出第一单 跑了120英里挣了470美元</p>
<p>本月20日，Uber旗下的Otto公司与啤酒厂商安海斯-布希公司（Anheuser-Busch）公司合作，用一辆18轮的自动驾驶卡车为<span>安海斯-布希公司</span>运送了5万罐啤酒。</p>
<p align="left">这一次的送货测试在科罗拉多州进行，满载啤酒的Otto自动驾驶卡车从柯林斯堡的一个称重站出发，驶往120英里外的斯普林斯，在全程无人干预的情况下以55英里的平均时速跑完了全程。</p>
<p>科罗拉多州运输部的官员参与了路程规划并监督了自动驾驶的整个流程，在整个测试过程中，一直有科罗拉多的巡逻队跟随。</p>
<p>安海斯-布希公司虽是作为合作方参与测试，但其还是向Otto公司支付了470美元的报酬。</p>
<p>Otto方面表示，测试过程中有经验丰富的驾驶员参与其中，但其并未干预卡车的运行，也并未坐在驾驶室，完全由自动驾驶系统操控卡车的速度、方向和刹车。</p>
<p>Otto公司由来自苹果、谷歌、特斯拉等公司的人员在今年1月组建，他们的目标是改变现有的卡车运输模式，让自动驾驶替代辛苦的卡车司机。Otto目前有五辆用于测试的自动驾驶卡车，Uber在今年8月花费7亿美元将其收购。</p><b>您可能也感兴趣:</b><br/>&nbsp;&nbsp;&nbsp;&nbsp;<a target="_blank" href="http://www.techweb.com.cn/internet/2016-10-26/2420675.shtml">打赏女主播100万的土豪悲剧了：银行卡被冻结身份遭扒</a><br/>&nbsp;&nbsp;&nbsp;&nbsp;<a target="_blank" href="http://www.techweb.com.cn/tele/2016-10-25/2420324.shtml">超越华为！OPPO成三季度中国智能手机市场新霸主</a><br/>&nbsp;&nbsp;&nbsp;&nbsp;<a target="_blank" href="http://ent.techweb.com.cn/entnews/2016-10-25/2420275.shtml">《扯犊子》爆笑上映 各路笑星大玩黑色幽默</a><br/><p style="text-align: center; text-indent: 0;"><img alt="蚕豆网微信" src="http://www.techweb.com.cn/static/img/candouwangtest.png" border="0" /></p>]]></description>
<category>TechWeb</category>
<guid>http://www.techweb.com.cn/world/2016-10-26/2420800.shtml</guid>
<author>蓝兴</author><pubDate>Wed, 26 Oct 2016 11:38:00 +0800</pubDate>
<source>TechWeb.com.cn</source>
</item><item><title>谷歌光纤项目受挫：不仅CEO下课 还要展开裁员 </title>
<link>http://www.techweb.com.cn/internet/2016-10-26/2420690.shtml</link>
<description><![CDATA[<p><img src="http://upload.techweb.com.cn/2016/1026/1477449456388.jpg" border="0" alt="" data-link="" /></p>
<p>新浪科技讯 北京时间10月26日上午消息，由于CEO克雷格&middot;巴拉特（Craig Barratt）离职，导致谷歌光纤暂停了在10座城市的推广计划，并展开裁员。此举对谷歌在全美部署超高速上网服务的野心构成了沉重打击。</p>
<p>巴拉特是Alphabet旗下Access部门CEO，负责运营谷歌光纤项目。他在博客中表示，今后将继续担任该公司的顾问。</p>
<p>巴拉特表示，谷歌光纤也将调整商业和产品战略，以便关注新的技术和部署方法，从而&ldquo;让超高速上网服务比现在更加普及&rdquo;。</p>
<p>已经开始部署谷歌光纤的城市将继续推进，但巴拉特表示，可能部署这项服务的地方将会暂停。</p>
<p>&ldquo;我们相信，一旦技术和解决方案取得进步，我们就有机会重启合作谈判。在少数仍处于探索阶段的城市，以及部分与支持业务相关的领域，我们将会展开裁员。&rdquo;巴拉特写道。</p>
<p>谷歌光纤已经部署到8大都市圈，今后还将向另外4个地区拓展。该公司一直在思考如何提供高速宽带，如何转向无线网络，以及如何降低布线成本。谷歌光纤希望为用户提供1Gbps的上网速度，但进展却非常缓慢。</p>
<p>谷歌光纤最近宣布将收购Webpass，这家公司可以通过在建筑物顶部安装的发射器来传输数据，从而为家庭和企业提供服务。</p>
<p>谷歌光纤希望将Webpass与该公司自家的无线技术进行整合，同时通过租赁现有的光纤和市政宽带网络来加速扩张。</p>
<p>在谷歌重组为Alphabet之后，谷歌光纤成为Alphabet旗下Access部门的一部分。</p>
<p>谷歌和Alphabet CFO露丝&middot;珀拉特（Ruth Porat）最近在电话会议上为谷歌光纤的相关投资展开了辩护。这是除谷歌之外，Alphabet内部成本最高的部门。（书聿）</p><b>您可能也感兴趣:</b><br/>&nbsp;&nbsp;&nbsp;&nbsp;<a target="_blank" href="null">周星驰电影《功夫》里的小哑女长大了 被赞是上海美女的代表</a><br/>&nbsp;&nbsp;&nbsp;&nbsp;<a target="_blank" href="http://ent.techweb.com.cn/pannews/2016-10-26/2420668.shtml">打脸华师？范冰冰工作室晒宣传海报 暗指早已报备</a><br/>&nbsp;&nbsp;&nbsp;&nbsp;<a target="_blank" href="http://www.techweb.com.cn/world/2016-10-26/2420664.shtml">苹果年度营收、利润15年来首次下滑 股价盘后下跌2.8%</a><br/><p style="text-align: center; text-indent: 0;"><img alt="蚕豆网微信" src="http://www.techweb.com.cn/static/img/candouwangtest.png" border="0" /></p>]]></description>
<category>TechWeb</category>
<guid>http://www.techweb.com.cn/internet/2016-10-26/2420690.shtml</guid>
<author></author><pubDate>Wed, 26 Oct 2016 10:40:28 +0800</pubDate>
<source>新浪科技</source>
</item><item><title>苹果大战微软 这次发布会都有什么新品发布？</title>
<link>http://app.techweb.com.cn/ios/2016-10-26/2420581.shtml</link>
<description><![CDATA[<p class="mcePageBreak">&nbsp;</p>
<p>本周是10月份最后一个完整的自然周，过了这几天&ldquo;金九银十&rdquo;也就过去了，这一周的手机圈乃至科技圈都会非常的热闹。国内方面，会有小米Note2、360N4S骁龙版、中兴天机Max等新机亮相；此外还有苹果和微软两个国际巨头也在本周有新品发布。</p>
<p style="text-align: center; text-indent: 0;"><img src="http://upload.techweb.com.cn/2016/1026/1477446332435.jpg?imageView&amp;thumbnail=550x0" border="0" alt=" " align="1" /></p>
<p>苹果和微软作为科技圈的巨头，他们的一举一动都备受用户和行业关注，如今他们又在同一周召开发布会发布新品这无疑会成为科技圈的焦点，那么苹果和微软此次的发布会都会发布哪些产品，他们之间的PK又将会碰触怎样的火花呢？</p>
<p>按照时间顺序我们先来说说微软，北京时间10月26号23点微软将在纽约举办Windows 10大会，按照惯例以及各种曝光消息看来，微软应该会在此次大会上带来多款新品。</p>
<p><strong>新的Windows10</strong></p>
<p>Windows系统可以说是微软的基础，此次大会被称作&ldquo;Windows 10大会&rdquo;则更加说明Windows 10的重要地位。</p>
<p style="text-align: center; text-indent: 0;"><img src="http://upload.techweb.com.cn/2016/1026/1477446332808.jpg?imageView&amp;thumbnail=550x0" border="0" alt=" " align="1" /></p>
<p>有消息称RedStone 2正式版的Windows 10将会在大会上亮相，新版的Windows 10系统将会加入OneClip、Paint 3D等特色功能，同时也会于Windows 10 Mobile更加的统一，或许还有UWP应用方面的新计划。</p><b>您可能也感兴趣:</b><br/>&nbsp;&nbsp;&nbsp;&nbsp;<a target="_blank" href="http://ent.techweb.com.cn/pannews/2016-10-17/2414555.shtml">林依晨当场泪奔：胡歌夺第十一届金鹰双料视帝</a><br/>&nbsp;&nbsp;&nbsp;&nbsp;<a target="_blank" href="http://ent.techweb.com.cn/pannews/2016-10-14/2413609.shtml">唐嫣担任金鹰女神！杨幂孙杨将现身金鹰节开幕式文艺晚会</a><br/><p style="text-align: center; text-indent: 0;"><img alt="蚕豆网微信" src="http://www.techweb.com.cn/static/img/candouwangtest.png" border="0" /></p>]]></description>
<category>TechWeb</category>
<guid>http://app.techweb.com.cn/ios/2016-10-26/2420581.shtml</guid>
<author></author><pubDate>Wed, 26 Oct 2016 09:45:00 +0800</pubDate>
<source>手机中国</source>
</item><item><title>复制阿里神话？传软银3亿美元投资印度版滴滴Ola</title>
<link>http://www.techweb.com.cn/internet/2016-10-26/2420598.shtml</link>
<description><![CDATA[<p style="text-align: center;"><img src="http://upload.techweb.com.cn/2016/1026/1477446597446.jpg" border="0" alt="Ola500" /></p>
<p class="picIntro" style="text-align: center;">Ola</p>
<p>凤凰科技讯 北京时间10月26日消息，据外媒报道，两位知情人士透露，印度最大的打车服务Ola正在进行新一轮融资，而日本互联网巨头软银将会领投，对Ola注资2.5亿至3亿美元。</p>
<p>&ldquo;软银将领投这新一轮融资，第一期款项将在数天内结束，&rdquo;一位消息人士说。他表示，软银希望进行更多注资，但是Ola希望控制股权稀释。软银上个月还领投东南亚打车服务Grabtaxi的新一轮7.5亿美元融资。Ola此次融资的具体规模还没有确定，该公司希望融资5亿美元，但也有可能提高至7亿美元。</p>
<p>据悉，Ola此次的估值将与上一次持平，这显示出本轮融资的规模可能并不会显著增加。Ola在去年11月的5亿美元融资中的估值约为50亿美元。滴滴出行和苏格兰投资公司Baillie Gifford当时入局，成为Ola的新投资者。</p>
<p>一位熟知Ola想法的人士表示：&ldquo;Ola现在更关心的是其业务质量和规模，并且筹集更多的资金，而不是获得更高的估值。&rdquo;</p>
<p>Ola和软银目前均未回复置评请求。Ola的这轮融资正值全球打车巨头Uber加大对印度的投资之际。在退出中国市场后，印度已成为Uber最重要的海外市场。为了继续与Uber竞争，迅速完成融资对Ola非常关键，因为前者是全球资金最雄厚的创业公司之一，已经通过股权或发行债务融资150亿美元。</p>
<p>Ola迄今已融资12亿美元，软银、老虎环球基金、俄罗斯亿万富翁尤里&middot;米尔纳的DST等是其最大的股东。Ola由孟买理工学院毕业生Bhavish Aggarwal和Ankit Bhati创立。Ola和Uber眼下正在印度市场大肆烧钱。据媒体报道称，Ola今年上半年平均每月亏损4000万美元，不过该公司眼下已经减少了对司机的补贴并提高了乘车费用。（编译/扬帆）</p><b>您可能也感兴趣:</b><br/>&nbsp;&nbsp;&nbsp;&nbsp;<a target="_blank" href="http://ent.techweb.com.cn/pannews/2016-10-26/2420479.shtml">土豪100万元打赏主播这事还没完了：银行卡被家人冻结   </a><br/>&nbsp;&nbsp;&nbsp;&nbsp;<a target="_blank" href="http://www.techweb.com.cn/internet/2016-10-26/2420587.shtml">9岁小学生发明电脑字体 6元下载一次</a><br/>&nbsp;&nbsp;&nbsp;&nbsp;<a target="_blank" href="http://www.techweb.com.cn/internet/2016-10-26/2420584.shtml">360云盘关闭 360云盘资料怎么办？用这一招轻松解决</a><br/><p style="text-align: center; text-indent: 0;"><img alt="蚕豆网微信" src="http://www.techweb.com.cn/static/img/candouwangtest.png" border="0" /></p>]]></description>
<category>TechWeb</category>
<guid>http://www.techweb.com.cn/internet/2016-10-26/2420598.shtml</guid>
<author></author><pubDate>Wed, 26 Oct 2016 09:53:28 +0800</pubDate>
<source>凤凰科技</source>
</item><item><title>苹果被曝在加拿大研发汽车操作系统 还把黑莓的人给挖了</title>
<link>http://www.techweb.com.cn/world/2016-10-26/2420619.shtml</link>
<description><![CDATA[<p>【TechWeb报道】10月26日消息，据国外媒体报道，消息人士透露苹果正在加拿大秘密研发汽车操作系统，还从黑莓挖走了20多名有相关经验的工程师。</p>
<p style="text-align: center; text-indent: 0;"><img src="http://upload.techweb.com.cn/2016/1026/1477446561904.jpg" border="0" alt="pingguoqiche_副本" /></p>
<p style="text-align: center;">苹果被曝在加拿大研发汽车操作系统 还把黑莓的人给挖了</p>
<p>消息人士透露，苹果的多名工程师正在加拿大研发汽车操作系统，这些工程师在渥太华郊区卡娜塔的苹果分公司工作。</p>
<p>参与研发的很多工程师是在近一年间招聘的，其中的20多名工程师是苹果从黑莓的QNX团队挖来的，其中就包括QNX的CEO，而苹果在卡娜塔的分公司距离黑莓QNX也非常近，步行仅需五分钟。</p>
<p>值得注意的是，黑莓QNX团队在汽车系统开发方面有着丰富的经验，为大众、奥迪、宝马、通用、福特等众多汽车厂商开发和运行过很多系统。QNX的一位前高管声称，苹果看中QNX的工程师是因为他们有着开发操作系统的相关经验。</p>
<p style="text-align: center; text-indent: 0;"><img src="http://upload.techweb.com.cn/2016/0722/1469150072262.jpg" border="0" alt="苹果汽车500" /></p>
<p style="text-align: center;">苹果被曝在加拿大研发汽车操作系统 还把黑莓的人给挖了</p>
<p>多方消息表明，苹果目前正在研发自动驾驶汽车，其中的操作系统将至关重要，就像iOS对iPhone的重要性一样。</p><b>您可能也感兴趣:</b><br/>&nbsp;&nbsp;&nbsp;&nbsp;<a target="_blank" href="http://www.techweb.com.cn/tele/2016-10-25/2420316.shtml">小米Note 2怎么样？首款亮黑双曲屏手机惊艳至极！</a><br/>&nbsp;&nbsp;&nbsp;&nbsp;<a target="_blank" href="http://www.techweb.com.cn/tele/2016-10-25/2420074.shtml">小米Note 2售价揭晓 这价格必须买买买</a><br/>&nbsp;&nbsp;&nbsp;&nbsp;<a target="_blank" href="http://ent.techweb.com.cn/entnews/2016-10-25/2420275.shtml">《扯犊子》爆笑上映 各路笑星大玩黑色幽默</a><br/><p style="text-align: center; text-indent: 0;"><img alt="蚕豆网微信" src="http://www.techweb.com.cn/static/img/candouwangtest.png" border="0" /></p>]]></description>
<category>TechWeb</category>
<guid>http://www.techweb.com.cn/world/2016-10-26/2420619.shtml</guid>
<author>蓝星</author><pubDate>Wed, 26 Oct 2016 10:04:00 +0800</pubDate>
<source>TechWeb.com.cn</source>
</item><item><title>明年初三星支付Samsung Pay将在全球范围支持网购</title>
<link>http://www.techweb.com.cn/internet/2016-10-26/2421249.shtml</link>
<description><![CDATA[<p style="text-align: center; text-indent: 0;"><img src="http://upload.techweb.com.cn/2016/1026/1477484893307.jpg" border="0" width="550" alt="" height="339" /></p>
<p style="text-align: center;">Samsung Pay</p>
<p>凤凰科技讯 北京时间10月26日消息，据外媒报道，从明年年初开始，三星移动支付服务Samsung Pay将在全球范围内支持在线购物。</p>
<p>三星公司今天宣布，其与万事达卡达成一项合作协议，从明年年初开始，三星将使用后者的Materpass数字支付系统拓展Samsung Pay的服务范围。万事达卡的Masterpass系统已获全球33个国家数千家零售商支持。除支持网上购物外，从今年11月份起，美国用户还能使用Samsung Pay进行应用内购买、享受当地商店提供的折扣服务。</p>
<p>当前三星Samsung Pay仅对韩国市场开放了在线支付，其在韩国支付市场份额达到25%，总交易额突破2万亿韩元。从2017年初开始，三星将把这一新功能拓展至其他国家，Samsung Pay用户将能够在他们的手机、平板或者是电脑进行在线支付，以及实现快速结帐（Express Checkou）。</p>
<p>预计最早在今年11月份，三星Samsung Pay将在美国市场支持应用内购买、提供折扣服务。预计酒类应用Hello Vino和订餐应用Velocity将成为首批支持三星应用内购买的App。但目前尚不清楚三星如何通过Samsung Pay向用户提供商品折扣服务。</p>
<p>在当前移动支付市场，除了三星外，苹果、谷歌也都推出有类似竞争产品。但随着Samsung Pay版图不断拓展，该服务在全球移动支付市场将更具吸引力。（编译/若水）</p><p style="text-align: center; text-indent: 0;"><img alt="蚕豆网微信" src="http://www.techweb.com.cn/static/img/candouwangtest.png" border="0" /></p>]]></description>
<category>TechWeb</category>
<guid>http://www.techweb.com.cn/internet/2016-10-26/2421249.shtml</guid>
<author></author><pubDate>Wed, 26 Oct 2016 20:28:13 +0800</pubDate>
<source>凤凰科技</source>
</item><item><title>奥巴马：美国互联网瘫痪 现在还没弄清楚原因！</title>
<link>http://www.techweb.com.cn/world/2016-10-26/2421013.shtml</link>
<description><![CDATA[<p>【TechWeb报道】10月26日消息，据国外媒体报道，按照奥巴马总统的说法，现在仍然不清楚是谁导致了上周五的大规模互联网中断。</p>
<p style="text-align: center; text-indent: 0;"><img src="http://upload.techweb.com.cn/2016/1026/1477468431366.jpg" border="0" alt="603-obama-internet-940_副本" /></p>
<p>这次攻击包括几十万、甚至数百万的互联网连接设备，发送垃圾流量给主要域名服务提供商Dyn，导致美国各地互联网瘫痪长达几个小时。</p>
<p>根据中国设备制造商杭州熊猫科技公司的说法，网络摄像头和其他互联网连接的录音设备，因存在基本安全漏洞而受到了攻击。它承认它们的产品有部分原因。目前，召回杭州熊猫产品已经启动，但其他物联网设备制造商仍在排查之中。</p>
<p>然而，似乎没有人知道谁是主犯，而且可能需要几个星期才能找到。</p>
<p>奥巴马总统昨晚在&ldquo;Jimmy Kimmel Live！&rdquo;上，提到互联网中断称，我们不知道是谁做的。（周林）</p><b>您可能也感兴趣:</b><br/>&nbsp;&nbsp;&nbsp;&nbsp;<a target="_blank" href="http://www.techweb.com.cn/internet/2016-10-26/2420703.shtml">美国互联网瘫痪 中国企业的摄像头躺枪！</a><br/>&nbsp;&nbsp;&nbsp;&nbsp;<a target="_blank" href="http://www.techweb.com.cn/internet/2016-10-24/2418803.shtml">美国互联网瘫痪 史无前例！</a><br/>&nbsp;&nbsp;&nbsp;&nbsp;<a target="_blank" href="http://ent.techweb.com.cn/pannews/2016-10-26/2420944.shtml">张雨绮老公被曝：多金又低调 上海大老板</a><br/><p style="text-align: center; text-indent: 0;"><img alt="蚕豆网微信" src="http://www.techweb.com.cn/static/img/candouwangtest.png" border="0" /></p>]]></description>
<category>TechWeb</category>
<guid>http://www.techweb.com.cn/world/2016-10-26/2421013.shtml</guid>
<author>周林</author><pubDate>Wed, 26 Oct 2016 15:54:00 +0800</pubDate>
<source>TechWeb.com.cn</source>
</item><item><title>不止玩游戏这么简单 VR和AR还可以治疗视力问题</title>
<link>http://www.techweb.com.cn/it/2016-10-26/2420642.shtml</link>
<description><![CDATA[<p style="text-align: center; text-indent: 0;"><img src="http://upload.techweb.com.cn/2016/1026/1477448243599.jpg" border="0" width="500" alt="" height="242" /></p>
<p style="text-align: center;">VR与AR可以提高视力</p>
<p>凤凰科技讯 北京时间10月26日消息，在许多人看来，VR（虚拟现实）和AR（增强现实）主要和游戏有关。一些人之所以感兴趣，主要是想拜访外星世界，或者欣赏一下外国名胜，去一些无法亲自前往的地方，做一些无法亲自做的事。将世界联系起来似乎是VR/AR技术最诱人的地方。</p>
<p>尽管如此，VR和AR并不一定非要将用户带到遥远而虚幻的世界。在某些场合，VR和AR可以帮助视力有问题的人与世界更好接触。坐在电脑前工作，在屏幕上阅读文本信息，在家中或者办公室自由行走&hellip;&hellip;大多人都将它们当成理所当然的事情。有些人则不然，他们可能失去了一定的视力，有了VR和AR技术，这些人的视力可以增强。</p>
<p>世界卫生组织估计，全球有2.46亿人视力很低，包括模糊视力、管状视力、无法纠正盲点等等。在视力存在问题的人群中（不单单只是低视力），约90%来自低收入群体。</p>
<p>弗兰克&middot;魏布林（Frank Werblin）是加州大学伯克利分校的神经学教授，他要向低视力群体提供低成本助视器。一年半以前，魏布林发现他可以用VR技术来实现目标。IrisVision是一个APP，可以用在三星Gear VR头盔上。当穿戴者的头部移动时，APP可以瞬间响应，放大用户注视的东西，同时还可以提供很宽的视野。也就是说APP可以帮助用户更好地观看世界，在电脑上阅读也可以有所改善。</p>
<p>最大的挑战在于成本，可穿戴视力助视器最高需要15000美元。魏布林表示，买一幅放大镜，价格只要25或者50美元，如果要购买可穿戴便携设备，需要几千美元，价格差距太大。</p>
<p>IrisVision产品已经在线上销售，定价2500美元，美国一些诊所也用它来做实验。2500美元包括了软件、头盔以及驱动Gear VR的手机。在过去44年里，魏布林一直在研究人的视网膜功能。</p>
<p><strong>解决弱视问题</strong></p>
<p>事实上，在魏布林之前已经有人用VR硬件增强视力。詹姆斯&middot;布拉哈（James Blaha）的眼睛是弱视，他的一生备受困扰。拿到早期推出的Oculus Rift头盔之后，他深入研究，胡乱鼓捣，发现头盔可以来治疗弱视。最终布拉哈成立了一家名叫Vivid Vison的公司，他成了创始人兼CEO，Vivid Vison向患者提供整套治疗方案。</p>
<p>一只眼睛的视力比另一只眼睛差很远，大脑就会抑制眼睛，从而形成弱视。弱视眼在感知深度时存在问题。当弱视患者穿过街道或者开车时，深度感知能力太弱就会造成困扰。医学的传统观点认为，如果在8岁之前没有及时治疗，患者就很难恢复了。</p>
<p>布拉哈认为这一看法是错误的。布拉哈的一只眼睛弱视，他将该眼睛上方的头盔镜片亮度调高，从而强迫大脑不要抑制眼睛。此时，布拉哈就可以看到3D图像了，之前他从未看到过，布拉哈可以看到按键从键盘中凸出。在使用头盔的日子里，他拥有了90%的普通深度感知能力。</p>
<p>Vivid Vison在美国和加拿大设立了约50家诊所，在欧洲和澳大利亚也有一些。布拉哈说，公司主要针对的是使用VR的病人，以及不怎么玩VR游戏的医生。Vivid Vison还与加州大学伯克利分校建立了合作关系，共同提高成年患者的深度感知能力。</p>
<p><strong>让法定盲人看见世界</strong></p>
<p>如果视力问题太严重，就会变成&ldquo;法定盲人&rdquo;，也就是说法律承认他是盲人。所谓的&ldquo;法定盲人&rdquo;，并非全盲或者什么都看不见。</p>
<p>VA-ST是一家创业公司，源自牛津大学，它为视力存在问题的人开发应用。VA-ST开发了SmartSpecs头盔，它是一款便携设备，供&ldquo;法定盲人&rdquo;或者视力部分残疾的人使用。</p>
<p>SmartSpecs的具体售价目前还不清楚，它可以让背景变暗，让目标物及目标物的边缘加深，从而提高目标物、脸的可视度。在黑暗环境中，SmartSpecs同样可以派上用场，它能够帮助用户找到正门，或者绕开家具。SmartSpecs的算法可以搜索某些特定对象，比如脸，包括脸部表情，或者是实时文本。</p>
<p>VA-ST联合创始人史蒂芬&middot;希克斯（Stephen Hicks）认为：&ldquo;真正的关键在于向用户传输关联的信息，不要让无关的信息干扰用户。&rdquo;希克斯是牛津大学的研究讲师，他还是皇家工程院的企业会员。</p>
<p>SmartSpecs能够让用户更自信，更独立，产品将于2017年年中推出。（编译/虎涛）</p><b>您可能也感兴趣:</b><br/>&nbsp;&nbsp;&nbsp;&nbsp;<a target="_blank" href="http://ent.techweb.com.cn/pannews/2016-10-26/2420479.shtml">土豪100万元打赏主播这事还没完了：银行卡被家人冻结   </a><br/>&nbsp;&nbsp;&nbsp;&nbsp;<a target="_blank" href="http://www.techweb.com.cn/finance/2016-10-26/2420623.shtml">游族网络第三季营收增长近九成</a><br/>&nbsp;&nbsp;&nbsp;&nbsp;<a target="_blank" href="http://www.techweb.com.cn/finance/2016-10-26/2420624.shtml">超级高铁公司Hyperloop One拟再融资2.5亿美元</a><br/><p style="text-align: center; text-indent: 0;"><img alt="蚕豆网微信" src="http://www.techweb.com.cn/static/img/candouwangtest.png" border="0" /></p>]]></description>
<category>TechWeb</category>
<guid>http://www.techweb.com.cn/it/2016-10-26/2420642.shtml</guid>
<author></author><pubDate>Wed, 26 Oct 2016 10:17:23 +0800</pubDate>
<source> 凤凰科技</source>
</item><item><title>美国超级高铁已超预期！Hyperloop One再融资2.5亿美元</title>
<link>http://www.techweb.com.cn/world/2016-10-26/2421096.shtml</link>
<description><![CDATA[<p>【TechWeb报道】10月26日消息，据国外媒体报道，美国超级高铁公司Hyperloop One已经为其高速运输系统寻求更多的资金，这个项目比起初认为的更昂贵。</p>
<p>根据《福布斯》杂志新获得的投资文件，Hyperloop One计划在2017年初筹集2.5亿美元。</p>
<p style="text-align: center; text-indent: 0;"><img src="http://upload.techweb.com.cn/2016/1026/1477471289247.jpg" border="0" alt="530773906" /></p>
<p style="text-align: center;">Hyperloop One</p>
<p>然而不到两个星期前，Hyperloop One就完成了一笔5000万美元的C轮融资，投资者是来自阿联酋的迪拜世界港口公司DP World，融资完成后DP World的CEO也将加入Hyperloop One的董事会。</p>
<p>当初，系统设计者伊隆&middot;马斯克(Elon Musk)预计加利福尼亚项目的总成本为60亿美元。现在福布斯报告表示，但就在湾区而言，系统花费将处于90到130亿美元之间，比预期的更昂贵。然而，该项目仍准备在2020年之前推出。</p>
<p>目前，Hyperloop One已经为该项目筹集了总计1.6亿美元资金。早在今年5月，在拉斯维加斯北部的沙漠，Hyperloop One首次公开测试已成功。（周林）</p><b>您可能也感兴趣:</b><br/>&nbsp;&nbsp;&nbsp;&nbsp;<a target="_blank" href="http://www.techweb.com.cn/world/2016-05-11/2330512.shtml">超级高铁公司公演前完成8000万美元融资 改名超级高铁一号</a><br/>&nbsp;&nbsp;&nbsp;&nbsp;<a target="_blank" href="http://www.techweb.com.cn/it/2016-05-12/2331377.shtml">超级高铁首测 加速时间仅为1.1秒最高时速达644千米（图）</a><br/>&nbsp;&nbsp;&nbsp;&nbsp;<a target="_blank" href="http://ent.techweb.com.cn/pannews/2016-10-26/2420940.shtml">张雨绮公布婚讯：相识七十天结婚</a><br/><p style="text-align: center; text-indent: 0;"><img alt="蚕豆网微信" src="http://www.techweb.com.cn/static/img/candouwangtest.png" border="0" /></p>]]></description>
<category>TechWeb</category>
<guid>http://www.techweb.com.cn/world/2016-10-26/2421096.shtml</guid>
<author>周林</author><pubDate>Wed, 26 Oct 2016 16:45:20 +0800</pubDate>
<source>TechWeb.com.cn</source>
</item><item><title>小米note 2发布会没耍猴 锤子Big Bang随意发车</title>
<link>http://www.techweb.com.cn/wanbao/2016-10-25/2420331.shtml</link>
<description><![CDATA[<p><strong>在微博时代，每个人的生活都深深的被知识浪潮所影响，而互联网则是永不过时的课堂。</strong><strong>TechWeb</strong><strong>团队将每天挑选出精彩评论，以飨读者。</strong></p>
<p><strong>&mdash;&mdash;&mdash;&mdash;&mdash;&mdash;&mdash;&mdash;&mdash;&mdash;&mdash;&mdash;&mdash;&mdash;&mdash;&mdash;&mdash;</strong><strong>正文分割线</strong><strong>&mdash;&mdash;&mdash;&mdash;&mdash;&mdash;&mdash;&mdash;&mdash;&mdash;&mdash;&mdash;&mdash;&mdash;</strong></p>
<p>今天下午的小米note 2发布会大家都看了伐？不得不说，信仰真的是一个很神奇的东西，特别是当小米概念机&mdash;&mdash;MIX隆重登场后，有那么一瞬间，我竟然头晕眼花的看成了夏普Aquos crystal，罪过罪过。毕竟一个摄像头放左下角，一个放右下角呢。</p>
<p style="text-align: center; text-indent: 0;"><img src="http://upload.techweb.com.cn/2016/1025/1477389804591.png" border="0" alt="QQ图片20161025151201" /></p>
<p>当然很明显这场发布会雷军将重头戏交给你开场的梁朝伟男神和末尾的MIX，中间的note 2部分节奏有点快。整场发布会还是颇有看点的，不禁让人想起了上周的锤子M1，也是让人眼前一亮。特别是BIG BANG功能，方便了不少老司机。</p>
<p style="text-align: center; text-indent: 0;"><img src="http://upload.techweb.com.cn/2016/1025/1477390341893.gif" border="0" alt="tmpdir--16_10_25_18_12_55" /></p>
<p>真是一不小心就坐上了高科技的顺风车，现在的人啊动不动就那么污可怎么好，有时间多看看文学，欣赏艺术不好吗。一些韩国日本文化里不好的东西就坚决杜绝，不要看了，比如：</p>
<p style="text-align: center; text-indent: 0;"><img src="http://upload.techweb.com.cn/2016/1025/1477390574677.jpg" border="0" alt="QQ图片20161025173722" /></p>
<p>再来看下最近金融公司的近况：咨询公司毕马威（KPMG）与澳大利亚知名金融科技风投机构H2 Ventures发布了三季度全球金融科技公司排名，全球排名前五的金融科技创新企业中有四家都来自中国，另有一家中国公司进入前十。</p>
<p>在其发布的金融科技公司排名中，蚂蚁金服排名第一，学生贷款网站趣店排第二，P2P平台陆金所排名第四，众安保险排在第五位，京东旗下的京东金融也进入了前十。</p>
<p style="text-align: center; text-indent: 0;"><img src="http://upload.techweb.com.cn/2016/0328/1459149168658.png" border="0" alt="蚂蚁金服" /></p>
<p>谁说蚂蚁金服得第一名不是无数剁手好儿媳和资深宅男的贡献呢。</p>
<p>不过有人赚钱多花钱痛快就同样有人饭碗不保面临失业。近日，有员工爆料，美团的品控和摄影师全部被裁，这其中还包括哺乳期的员工。据悉，这已经是今年美团的第四次裁员风波。不过，消息一出，美团便发表了声明，表示要依法追究造谣传谣者责任。</p>
<p style="text-align: center; text-indent: 0;"><img src="http://upload.techweb.com.cn/2016/1025/1477359572645.png?size=599x172" border="0" /></p>
<p>此前有分析人士指出，美团和点评现在员工3.5万，里面有2.5万人是销售、地推。裁员2.5或许有点夸张，但削减开支却是不争的事实。</p>
<p style="text-align: center; text-indent: 0;"><img src="http://upload.techweb.com.cn/2016/1025/1477391040248.jpg" border="0" alt="QQ图片20160128170557" /></p>
<p>马上就双11了，各位选手在准备好买买买后，也可以考虑看下晚会，毕竟这届晚会可谓是&ldquo;巨星云集&rdquo;，几乎半个娱乐圈的都被请过来了（夸张点）。</p>
<p>张艺兴、华晨宇、刘昊然、宋茜将登台表演；国民开心果&ldquo;小岳岳&rdquo;岳云鹏、《感觉身体被掏空》的&ldquo;彩虹合唱团&rdquo;会继续他们的傲娇搞怪&ldquo;网红&rdquo;之旅；由陆毅、李小鹏、品冠组成的奶爸天团，将和王祖蓝、李亚男组成的&ldquo;最萌cp&rdquo;。</p>
<p>此外众多外国明星也将加盟双11晚会。此前公布的晚会全球&ldquo;推广大使&rdquo;水果姐凯蒂-佩里(Katy&nbsp;Perry)，美剧《破产姐妹花》中饰演富家女卡洛琳(Caroline)的贝丝-比厄、世界杯金靴得主托马斯-穆勒等也将加盟。</p>
<p>还记得去年小岳岳的《五折之歌》吗？今年刚拍了新片口碑不错的他会有什么新神曲呢？</p>
<p style="text-align: center; text-indent: 0;"><img src="http://upload.techweb.com.cn/2016/1025/1477364063851.png" border="0" alt="QQ图片20161025104949" /></p><p style="text-align: center; text-indent: 0;"><img alt="蚕豆网微信" src="http://www.techweb.com.cn/static/img/candouwangtest.png" border="0" /></p>]]></description>
<category>TechWeb</category>
<guid>http://www.techweb.com.cn/wanbao/2016-10-25/2420331.shtml</guid>
<author>Charlotte</author><pubDate>Tue, 25 Oct 2016 18:29:09 +0800</pubDate>
<source>TechWeb.com.cn</source>
</item><item><title>库克：苹果对于打造原创节目非常感兴趣</title>
<link>http://people.techweb.com.cn/2016-10-26/2420595.shtml</link>
<description><![CDATA[<p>我们都想看看苹果能&rdquo;折腾&ldquo;出什么样的原创节目~</p>
<p>其实不少人都很期待苹果到底能打造出什么样的原创节目。而在今天面对媒体的问答中，蒂姆库克也谈到了关于这方面的问题。</p>
<p style="text-align: center; text-indent: 0;"><img src="http://upload.techweb.com.cn/2016/1026/1477446684281.jpg" border="0" /></p>
<p style="text-align: center; text-indent: 0;">库克：苹果对于打造原创节目非常感兴趣</p>
<p>让我们先来回顾一下这个问题是什么，&ldquo;库克，你提及了你对电视的兴趣，你可以为我们详细说一下这个事情吗？你觉得苹果已经开始在有限的基础上创建自己的内容了吗？你觉得原创内容或者说所有权对于苹果是不是很重要呢？你认为苹果是否会更专注于生态系统和分布？</p>
<p>当然，库克的回答已经引发了不少猜测，很显然大家都认为苹果正在致力于创造一些原创内容，或者说收购一个高度知名的内容制造商。</p>
<p>之前，苹果已经宣布要打造属于自己的真人秀节目，而他们也邀请了各行各业的明星担任&ldquo;Planet of the Apps&rdquo;的导师，而且这档节目还将会登陆 Apple Music 。除此之外，Drake 在 12 月为 Apple Music 带来的独家内容同样很值得我们期待。</p>
<p>&ldquo;我们已经开始打造一些原创节目，正如你提到的，这对于我们来说是一个非常棒的机会，而从创作和所有权的角度来看，这同样也是我们所关心的领域。&rdquo;库克回答。</p>
<p>库克的回应也被解读为，苹果已经在行动。</p>
<p>不过之前，一直都有传闻称苹果要收购时代华纳，不过，最终苹果与时代华纳之间也没有再进一步，如今反而被别人捷足先登，这不得不说是一个遗憾。</p>
<p>视频流媒体服务和音乐流媒体服务对于众多的科技公司来说，重要性正在不断上升，苹果到底能为我们带来什么样的原创节目？让我们拭目以待吧。</p><b>您可能也感兴趣:</b><br/>&nbsp;&nbsp;&nbsp;&nbsp;<a target="_blank" href="http://ent.techweb.com.cn/entnews/2016-10-24/2419128.shtml">《勇士》艰苦拍摄全纪录 全景还原生死之战</a><br/>&nbsp;&nbsp;&nbsp;&nbsp;<a target="_blank" href="http://ent.techweb.com.cn/entnews/2016-10-24/2419122.shtml">《湄公河》破10亿庆功 彭于晏：续集肯定没我了</a><br/>&nbsp;&nbsp;&nbsp;&nbsp;<a target="_blank" href="http://ent.techweb.com.cn/entnews/2016-10-24/2419119.shtml">《摆渡人》王家卫赞准妈妈baby：比刘德华还拼</a><br/><p style="text-align: center; text-indent: 0;"><img alt="蚕豆网微信" src="http://www.techweb.com.cn/static/img/candouwangtest.png" border="0" /></p>]]></description>
<category>TechWeb</category>
<guid>http://people.techweb.com.cn/2016-10-26/2420595.shtml</guid>
<author></author><pubDate>Wed, 26 Oct 2016 09:51:24 +0800</pubDate>
<source>威锋网</source>
</item><item><title>纳德拉坦承微软在手机市场上失败了</title>
<link>http://www.techweb.com.cn/world/2016-10-26/2420608.shtml</link>
<description><![CDATA[<p>【TechWeb报道】10月26日消息，据国外媒体报道，微软CEO纳德拉日前在参加WSJDLive 2016全球科技大会时表示，微软在手机市场上失败了，不过纳德拉称，微软正进军新的领域。</p>
<p style="text-align: center; text-indent: 0;"><img src="http://upload.techweb.com.cn/2015/0209/1423463448407.jpg" border="0" alt="纳德拉" /></p>
<p style="text-align: center;">纳德拉坦承微软在手机市场上失败了（资料图）</p>
<p>纳德拉表示，微软确实错过了智能手机这波大潮，在手机市场上失败了，但他同时也表示，微软现在的目标是在新的领域取得较快增长。</p>
<p>纳德拉称，微软正进军新的领域。微软通过其HoloLens设备在增强现实领域进行了大手笔押注，并在人工智能方面进行投资。纳德拉称，微软必须不断寻找下一个业务大类。</p>
<p>纳德拉在会议上还表示，微软希望推动无所不学的公司文化，而不是无所不知的文化。</p><b>您可能也感兴趣:</b><br/>&nbsp;&nbsp;&nbsp;&nbsp;<a target="_blank" href="http://www.techweb.com.cn/tele/2016-10-26/2420603.shtml">小米Note2与魅族Pro6买哪个好？小米Note2对比魅族Pro6</a><br/>&nbsp;&nbsp;&nbsp;&nbsp;<a target="_blank" href="http://www.techweb.com.cn/internet/2016-10-26/2420602.shtml">小学生发电脑字体 花了2个月时间 下载一次收费6元</a><br/>&nbsp;&nbsp;&nbsp;&nbsp;<a target="_blank" href="http://ent.techweb.com.cn/pannews/2016-10-26/2420479.shtml">土豪100万元打赏主播这事还没完了：银行卡被家人冻结   </a><br/><p style="text-align: center; text-indent: 0;"><img alt="蚕豆网微信" src="http://www.techweb.com.cn/static/img/candouwangtest.png" border="0" /></p>]]></description>
<category>TechWeb</category>
<guid>http://www.techweb.com.cn/world/2016-10-26/2420608.shtml</guid>
<author>宋星</author><pubDate>Wed, 26 Oct 2016 09:58:00 +0800</pubDate>
<source>TechWeb.com.cn</source>
</item><item><title>孙正义：20年内物联网设备数量有望超过1万亿台</title>
<link>http://people.techweb.com.cn/2016-10-26/2420509.shtml</link>
<description><![CDATA[<p>凤凰科技讯 北京时间10月26日消息，ARM公司与许多企业建立了合作关系，2015年，这些合作伙伴出货的产品数量超过150亿，芯片销售额达到了500亿美元。今年9月，软银以310亿美元收购ARM，CEO孙正义成为ARM的新主人。最近，ARM召开开发者大会，发表主题演讲的正是孙正义。</p>
<p style="text-align: center; text-indent: 0;"><img src="http://upload.techweb.com.cn/2016/1026/1477444612387.jpg" border="0" width="500" alt="" height="297" /></p>
<p style="text-align: center;">孙正义在ARM开发者大会上演讲</p>
<p>ARM TechCon大会在加州Santa Clara举行，孙正义在主题演讲中表示，物联网（让一切产品智能化、联网化）将会引领下一轮技术爆炸，正如在地球演变历史上寒武纪爆发形成了无数新物种一样，用不了多久，联网的物联网设备数量将会达到1万亿。孙正义认为，这一趋势将会形成&ldquo;奇点&rdquo;，意思就是说机器的智力超过人类的集体智慧。</p>
<p>在演讲开始时，孙正义播放了一张与进化有关的幻灯片。他说，三叶虫是地球上第一种拥有眼睛的生物，它可以感知环境，处理环境信息。这种生物生活在寒武纪，离今天约5000万年，在寒武纪时期，有成千上万种新生物出现。</p>
<p>&ldquo;物联网大爆发即将到来。&rdquo;孙正义断言，&ldquo;如果真的存在寒武纪爆发，那么物联网爆发也会来临。&rdquo;</p>
<p>孙正义还给出一组数据：到了2018年，物联网设备的数量将会超过移动设备，到了2021年，我们将会拥有18亿台PC，86亿台移动设备，157亿台物联网设备。他还说：&ldquo;在未来20年，物联网设备的数量将会超过1万亿台。&rdquo;到了2035年，数据数量将会增长2400倍，从1 EB（exabyte）增长到2.3ZB（zetabytes）。</p>
<p>&ldquo;到时，地球上将会有1万亿颗芯片生成各种数据，这样的事之前没有过。&rdquo;孙正义说，&ldquo;我们可以进行各种分析，分析能够带来智力，我们会变得更聪明。安全将会越来越重要。比时钟周期的翻倍更重要，如果没有安全，我们就会陷入危险。&rdquo;</p>
<p>孙正义指出，汽车已经安装了1000颗芯片，其中的几百颗来自ARM，但是这些芯片都不安全。当汽车互联程度越来越高，向无人驾驶方向发展，它们就会成为黑客攻击的对象。孙正义说，某些人可以发布病毒，突然启动，让高速公路上的每一辆汽车都撞车。</p>
<p>&ldquo;我不能说太多。&rdquo;孙正义表示，&ldquo;我不应该给坏人太多的暗示。&rdquo;</p>
<p>在演讲中孙正义还说，人工智能的语音和视觉识别能力已经超过了人类，如果有1万亿物联网设备，我们就会获得&ldquo;超级AI&rdquo;。孙正义认为：&ldquo;这种技术会变成超级智力，变成奇点。&rdquo;最终机器智力将会超过人类集体智力。</p>
<p>一旦梦想成真，我们就可以预测未来，不会再有车祸，人类可以活得更长。</p>
<p>&ldquo;一些糟糕的事情也会像预料的一样出现。&rdquo;孙正义说，&ldquo;不管我们喜欢或者不喜欢，寒武纪爆发正在发生。你愿意成为被吞噬的一方，还是吞噬的一方？我们必须用技术武装自己。&rdquo;（编译/虎涛）</p><b>您可能也感兴趣:</b><br/>&nbsp;&nbsp;&nbsp;&nbsp;<a target="_blank" href="http://ent.techweb.com.cn/entnews/2016-10-24/2419128.shtml">《勇士》艰苦拍摄全纪录 全景还原生死之战</a><br/>&nbsp;&nbsp;&nbsp;&nbsp;<a target="_blank" href="http://ent.techweb.com.cn/entnews/2016-10-24/2419122.shtml">《湄公河》破10亿庆功 彭于晏：续集肯定没我了</a><br/>&nbsp;&nbsp;&nbsp;&nbsp;<a target="_blank" href="http://ent.techweb.com.cn/entnews/2016-10-24/2419119.shtml">《摆渡人》王家卫赞准妈妈baby：比刘德华还拼</a><br/><p style="text-align: center; text-indent: 0;"><img alt="蚕豆网微信" src="http://www.techweb.com.cn/static/img/candouwangtest.png" border="0" /></p>]]></description>
<category>TechWeb</category>
<guid>http://people.techweb.com.cn/2016-10-26/2420509.shtml</guid>
<author></author><pubDate>Wed, 26 Oct 2016 09:16:52 +0800</pubDate>
<source>凤凰科技</source>
</item><item><title>柳青：滴滴要展开国际化扩张 拟与当地专车服务合作</title>
<link>http://people.techweb.com.cn/2016-10-26/2420527.shtml</link>
<description><![CDATA[<p>新浪科技讯 北京时间10月26日早间消息，滴滴出行总裁柳青表示，该公司将向中国以外的市场扩张，夺取全球份额。在此过程中，该公司有可能与一些国家的当地专车服务展开合作。</p>
<p style="text-align: center;"><img src="http://upload.techweb.com.cn/2016/1026/1477445046205.jpg" border="0" alt="滴滴出行总裁柳青在WSJDLive大会上" data-link="" />滴滴出行总裁柳青在WSJDLive大会上</p>
<p>&ldquo;我们希望全球化。&rdquo;柳青在WSJDLive 2016全球科技大会上说，&ldquo;我们渴望成为一家跨国公司。&rdquo;</p>
<p>柳青表示，滴滴正在评估应该进军哪些新市场，既有可能与当地现有的专车公司合作，也有可能与之竞争。如果滴滴认为当地的企业实力不够强大，便有可能与之竞争。</p>
<p>柳青今年9月宣布，滴滴的年交易额约为200亿美元，目前在400座城市每天提供2000万订单。与竞争对手Uber一样，滴滴也会从交易额中抽取一部分比例作为营收。但与Uber不同的是，滴滴并未展开全球化扩张，而是基本将精力集中于中国市场。</p>
<p>在Uber今年早些时候将中国业务出售给滴滴后，Uber已经成为滴滴的最大股东。这两家公司之前曾经在中国市场展开激烈竞争。</p>
<p>柳青说：&ldquo;这是一场艰难的比赛，但我们乐在其中。&rdquo;她否认西方科技公司无法在中国展开公平竞争，并指出苹果和IBM都在中国取得了成功。</p>
<p>值得一提的是，虽然Uber是滴滴的最大股东，但该公司却在美国与Lyft展开了合作，实现了资源互通。</p>
<p>在被问及如何来到会议现场时，柳青说，她从机场打了一辆Uber到达酒店，然后从酒店打了一辆Lyft来到会场。</p>
<p>&ldquo;我感觉这两款服务都很好。&rdquo;她说。（书聿）</p><b>您可能也感兴趣:</b><br/>&nbsp;&nbsp;&nbsp;&nbsp;<a target="_blank" href="http://ent.techweb.com.cn/entnews/2016-10-24/2419128.shtml">《勇士》艰苦拍摄全纪录 全景还原生死之战</a><br/>&nbsp;&nbsp;&nbsp;&nbsp;<a target="_blank" href="http://ent.techweb.com.cn/entnews/2016-10-24/2419122.shtml">《湄公河》破10亿庆功 彭于晏：续集肯定没我了</a><br/>&nbsp;&nbsp;&nbsp;&nbsp;<a target="_blank" href="http://ent.techweb.com.cn/entnews/2016-10-24/2419119.shtml">《摆渡人》王家卫赞准妈妈baby：比刘德华还拼</a><br/><p style="text-align: center; text-indent: 0;"><img alt="蚕豆网微信" src="http://www.techweb.com.cn/static/img/candouwangtest.png" border="0" /></p>]]></description>
<category>TechWeb</category>
<guid>http://people.techweb.com.cn/2016-10-26/2420527.shtml</guid>
<author></author><pubDate>Wed, 26 Oct 2016 09:24:06 +0800</pubDate>
<source>新浪科技</source>
</item><item><title>云盘关停背后：摆上台面的都是借口 真相只有一个</title>
<link>http://www.techweb.com.cn/irouter/2016-10-26/2420443.shtml</link>
<description><![CDATA[<p class="mcePageBreak">&nbsp;</p>
<p>TechWeb 10月26日报道 文/王蒙</p>
<p>360云盘官方宣布关停的当晚，百度云盘躺着中了一回枪。</p>
<p style="text-align: center; text-indent: 0;"><img src="http://upload.techweb.com.cn/2016/1026/1477437516350.jpeg" border="0" alt="1" /></p>
<p>10月20日晚间，距离360网盘正式对外公告宣布关停服务不到一小时，有关百度云盘即将关停的谣言随即传出。从去年开始，伴随着个人云盘服务商一个接着一个关停，互联网用户已经到了草木皆兵的状态。</p>
<p><strong>7个月8家云盘调整服务</strong></p>
<p>&ldquo;2011.11.11世纪光棍节日云盘上线，在差20天5周岁的2016.10.20时候停止服务。本来大家还挺期待5周年呢，想着做个庆祝页面什么的。结果这周突然接到通知&hellip;&hellip;接下来就是准备一个个接口下线，百感交集的。&rdquo;</p>
<p>360云盘发布停止个人云盘服务公告当晚，署名&ldquo;云盘服务端&rdquo;的用户在知乎匿名写下这样的文字，怀念之情溢于言表。</p>
<p>360云盘是今年3月云盘关停潮之后，宣布调整云盘业务的第8家云盘服务商。</p>
<p>今年3月，国家&ldquo;扫黄打非办&rdquo;公布了6起利用销售云盘（网盘）账号和密码传播淫秽色情信息牟利的案件，360云盘、乐视网盘、115网盘等被点名，随后，115网盘、UC网盘暂停部分功能。</p>
<p>4月，微盘、快盘相继宣布将停止普通用户的存储服务。</p>
<p>5月，腾讯微云宣布关闭文件中转站功能。</p>
<p>5月3日，华为网盘公告称将逐步停止相关服务。</p>
<p>6月，新浪微盘关闭免费个人存储服务。</p>
<p>360云盘的关停非常突然。10月19日部分360云盘用户反映，客户端无法播放视频，显示&ldquo;网络不可用，请稍后重试&rdquo;。官方人员在360社区回复称，正在核实并解决。10月20日10：30左右，360云盘客户端视频恢复正常播放。</p>
<p>然而谁也未曾料想，10月20日17点左右，360官方发布&ldquo;360云盘服务转型公告&rdquo;，正式宣布停止个人云盘服务。</p>
<p>此前迅雷快盘、金山快盘、新浪微盘、华为网盘等均已宣布关闭个人服务，360云盘宣布关闭服务后，引发众网友的集体埋怨。毕竟可用的网盘服务已经变得更少，百度网盘也就成了目前覆盖用户最广的网盘服务。</p>
<p>然而就在360云盘宣布关闭后不久，网上传出一张所谓百度方面的&ldquo;公告&rdquo;，声称百度云将于2016年12月31日关闭免费个人用户的存储服务。该消息一出，瞬间引起爆炸，TechWeb当晚第一时间联系百度公关方面人士，得到的回复是，百度网盘将一如既往地向用户提供个人云存储服务，并持续对盗版侵权、网络色情等内容进行严厉打击，采取更先进技术手段确保用户的网盘安全。</p>
<p>尽管百度云盘第一时间紧急辟谣，但网友们仍然担心。毕竟此前几家网盘宣布关停或暂停部分服务时，360云盘官方也曾宣布会一直提供个人云存储服务。</p>
<p>为什么多家网盘服务商选择关停或调整个人云存储服务？放弃这个市场的根本原因是什么？</p>
<p><strong>官方给出的关停理由</strong></p>
<p>TechWeb梳理8家宣布关停个人云存储服务的网盘商发现，对外公告中提到最多的理由是：&ldquo;为配合监管部门专项治理网盘行动&rdquo;、&ldquo;为了配合国家有关部门积极展开网盘涉黄、涉盗版内容的清查工作&rdquo;，即日起将调整（关闭）部分服务功能。</p>
<p>今年上半年国内严厉迅猛的&ldquo;扫黄打非&rdquo;专项整治活动更是旨在一举肃清网络环境之中的不正之风，而网络存储领域一直就是监管的重点整顿对象之一。</p>
<p>据上海冠勇信息科技有限公司发布的数据显示，截至10月9日，正在上映的《爵迹》网络侵权链接达3318条，其中网盘侵权链接最多，达828条，占比25%，多为个人用户分享到个人网盘。</p>
<p>随着&ldquo;扫黄打非&rdquo;专项整治活动的进行，众多网盘服务商对外宣布调整（关闭）部分服务功能。一方面的确是为了配合打击网络色情与盗版，但这样简单粗暴的一刀切的方法也让人质疑：如果是配合官方整治行动而叫停，为什么百度云盘、腾讯微云、天翼云盘就不用关停？</p>
<p>&nbsp;</p><b>您可能也感兴趣:</b><br/>&nbsp;&nbsp;&nbsp;&nbsp;<a target="_blank" href="http://mi.techweb.com.cn/tmt/2016-10-21/2418213.shtml">360云盘将正式关闭 百度网盘将继续提供个人云存储服务</a><br/>&nbsp;&nbsp;&nbsp;&nbsp;<a target="_blank" href="http://mi.techweb.com.cn/tmt/2016-10-21/2417582.shtml">360云盘将正式关闭 百度网盘这样回应</a><br/>&nbsp;&nbsp;&nbsp;&nbsp;<a target="_blank" href="http://ent.techweb.com.cn/pannews/2016-10-25/2420312.shtml">女主播慕诗琪为小鲜肉主播刷2万礼物 网友召唤小漠！</a><br/><p style="text-align: center; text-indent: 0;"><img alt="蚕豆网微信" src="http://www.techweb.com.cn/static/img/candouwangtest.png" border="0" /></p>]]></description>
<category>TechWeb</category>
<guid>http://www.techweb.com.cn/irouter/2016-10-26/2420443.shtml</guid>
<author>王蒙</author><pubDate>Wed, 26 Oct 2016 07:19:16 +0800</pubDate>
<source>TechWeb.com.cn</source>
</item><item><title>王云辉：雷军给手机行业上了生动一课</title>
<link>http://wangyunhui.blog.techweb.com.cn/archives/561.html</link>
<description><![CDATA[依靠屏占比高达91.3%的“概念手机”，雷军成功扭转了外界对自己的形象<p style="text-align: center; text-indent: 0;"><img alt="蚕豆网微信" src="http://www.techweb.com.cn/static/img/candouwangtest.png" border="0" /></p>]]></description>
<category>TechWeb</category>
<guid>http://wangyunhui.blog.techweb.com.cn/archives/561.html</guid>
<author></author><pubDate>Thu, 01 Jan 1970 08:00:00 +0800</pubDate>
<source></source>
</item><item><title>康斯坦：悲剧汽车 特斯拉注定赚不到钱？</title>
<link>http://skysfw.blog.techweb.com.cn/archives/6214.html</link>
<description><![CDATA[特斯拉亏损高大2.932亿美元，比之前华尔街的预测高出一倍还多<p style="text-align: center; text-indent: 0;"><img alt="蚕豆网微信" src="http://www.techweb.com.cn/static/img/candouwangtest.png" border="0" /></p>]]></description>
<category>TechWeb</category>
<guid>http://skysfw.blog.techweb.com.cn/archives/6214.html</guid>
<author></author><pubDate>Thu, 01 Jan 1970 08:00:00 +0800</pubDate>
<source></source>
</item><item><title>歪道道：无人驾驶普及 智能汽车让你有安全感吗？</title>
<link>http://waidaodao.blog.techweb.com.cn/archives/16.html</link>
<description><![CDATA[移动资讯大战现在很激烈，这在互联网行业算一个难得的现象<p style="text-align: center; text-indent: 0;"><img alt="蚕豆网微信" src="http://www.techweb.com.cn/static/img/candouwangtest.png" border="0" /></p>]]></description>
<category>TechWeb</category>
<guid>http://waidaodao.blog.techweb.com.cn/archives/16.html</guid>
<author></author><pubDate>Thu, 01 Jan 1970 08:00:00 +0800</pubDate>
<source></source>
</item><item><title>王新宇：从马云座上宾到被淘汰 站长怎么玩死自己</title>
<link>http://wangxinyu.blog.techweb.com.cn/archives/347.html</link>
<description><![CDATA[内容产业已是中国互联网全新的增长点，某些领域如直播甚至更加先进<p style="text-align: center; text-indent: 0;"><img alt="蚕豆网微信" src="http://www.techweb.com.cn/static/img/candouwangtest.png" border="0" /></p>]]></description>
<category>TechWeb</category>
<guid>http://wangxinyu.blog.techweb.com.cn/archives/347.html</guid>
<author></author><pubDate>Thu, 01 Jan 1970 08:00:00 +0800</pubDate>
<source></source>
</item><item><title>于　斌：中兴手机换帅殷一民 恐依旧难入一线阵营</title>
<link>http://tuiba.blog.techweb.com.cn/archives/1701</link>
<description><![CDATA[快递小哥的配送效率已然达到极限，整个行业好像一根紧绷的发条<p style="text-align: center; text-indent: 0;"><img alt="蚕豆网微信" src="http://www.techweb.com.cn/static/img/candouwangtest.png" border="0" /></p>]]></description>
<category>TechWeb</category>
<guid>http://tuiba.blog.techweb.com.cn/archives/1701</guid>
<author></author><pubDate>Thu, 01 Jan 1970 08:00:00 +0800</pubDate>
<source></source>
</item><item><title>张书乐：不再提及情怀 罗永浩要和阿里耍什么花枪</title>
<link>http://zhangshuyue.blog.techweb.com.cn/archives/3475</link>
<description><![CDATA[库克管理供应链的历史，就是一部他的员工在全球各地“飞来飞去”的历史<p style="text-align: center; text-indent: 0;"><img alt="蚕豆网微信" src="http://www.techweb.com.cn/static/img/candouwangtest.png" border="0" /></p>]]></description>
<category>TechWeb</category>
<guid>http://zhangshuyue.blog.techweb.com.cn/archives/3475</guid>
<author></author><pubDate>Thu, 01 Jan 1970 08:00:00 +0800</pubDate>
<source></source>
</item><item><title></title>
<link></link>
<description><![CDATA[<p style="text-align: center; text-indent: 0;"><img alt="蚕豆网微信" src="http://www.techweb.com.cn/static/img/candouwangtest.png" border="0" /></p>]]></description>
<category>TechWeb</category>
<guid></guid>
<author></author><pubDate>Thu, 01 Jan 1970 08:00:00 +0800</pubDate>
<source></source>
</item><item><title></title>
<link></link>
<description><![CDATA[<p style="text-align: center; text-indent: 0;"><img alt="蚕豆网微信" src="http://www.techweb.com.cn/static/img/candouwangtest.png" border="0" /></p>]]></description>
<category>TechWeb</category>
<guid></guid>
<author></author><pubDate>Thu, 01 Jan 1970 08:00:00 +0800</pubDate>
<source></source>
</item>
    </channel>
    </rss>